Address,Balance
0x000000000000000000000000000000000000dEaD,59043.700409134231365209
0x00A96125Df54572B25DBf9D7a7E0eD1c362393af,0.155894064695852438
0x00EA92F9810fF764A51c418B207558B7301ff3e9,0.004222504486135697
0x0132431210C410c94fd0a968F61D876ed7C7cad5,2.02113600252678175
0x01374e9a735311Bba965C8d0787a23ed90d41e12,17.194375300070578213
0x01b81795B0cc74b5F40f23036F306f6eD1ffA602,36.408860410193344393
0x01d1dD797Dbf911aCb865E3409Cea4a2B931cC17,37.878643644971987855
0x023bE67fbA0b0fa79Cfd30662819318672ce95B8,4.141798267650786391
0x025BB8E2957b58cF275c05A7991cf204C0aB96aa,228.898338603862422781
0x02BCe807e45966650fcD916062A1F45D3426E503,12.074146525068841339
0x02c9F2d79F34c97811F630E1C7eFb52b37fDD9cF,60.805804779262715837
0x02f56E0F956591bd4dC3805BF1809864d0bDa339,0.250837406639147198
0x02Fa67b4f1B7C964FE3731cDC2a4a49BDfe94C01,39.331649653425740542
0x0305be9241d4009C8D5651F8D90B35D8F8B59FC0,7.571507580471178947
0x0366c142e19432d6ba5C186854B333e1BeC798B0,5415.817884248862749106
0x039662ac57862bCCc61dAf4EA6896BFd38dc83bB,208.721027840734759148
0x03B50D0BC4F94Cd8b5965C16394C16C9599923f6,49.761812133449776352
0x04724211bB0A3E453BfB2e0A7BF102AC77ea0Da5,0.079051083107394607
0x04BbA94C736a25dBfB6C27eec1941e38d50006F3,8.98162533427753664
0x04Ec814907456aCe5aDF99D1A9450939995C6225,5.622476457231926339
0x051C15F13d114F8495aE02AdE4193aB22457a3cf,21.733032344487084686
0x0543911170Da31258Ae593869404912F8B7471c8,12.035984492123096676
0x054c365776A22cF678DC7138A0BA5DB4c0107655,35.386941163010894782
0x0574965a826f72B8948FC73d3a7A83fdd46a68Ba,1.594904473156687743
0x05902788eDc4B02F9A729370Aee0Fd17AfC821c1,61.828481828806528218
0x06170F6e950A264a37365Cb3848bCaCCb4318a57,22.528762383864006327
0x0679961f804D28D332947DA71a63Aa12Dc0fa9C2,18.503374062093053693
0x06bEc9AA8FD11B1eD7c6107b998E5D91c8C26098,140.307672857703633253
0x06cCc860Af93Ca800F43CE7289183A4f81d065CB,65.088610377883100834
0x072069eEA2B339a182bC138a78B56BFDE0eBfb6F,0.511606714060203784
0x076353D36a01283e8d4e00BB8bBD246b345f0748,30.151317814954969526
0x07964f135f276412b3182a3B2407b8dd45000000,167.68878668158382307
0x07bca56b5A8C9B1DB10Dd6c67C2beF1e03580E89,76.710567066335234672
0x080E33A4D21a970ecE7aCA5F34d0B149B78AD670,154.625074735229783083
0x0832e047a5339131626B099db2173cb3418F10d7,63.572560506084675177
0x088F68926e788D7f3F9ec400D4f327439181BB83,0.429890629860249374
0x08c665c653a2c35e9A1bEb66B7379c1A9d5Be075,28.799666515802184608
0x08db38e89ae4Ddc80fcf4662ED85EdFbc3371b4d,0.000069519499700329
0x091179aF36311a776139f76fDefE531843E39514,14.295965224406888813
0x092b075e33E5aF5c77508a87E405B33b1BC124D0,0.194005050361912295
0x098A9f94e5B959E15d2b5B85aa3f23007A08998b,138.999094968188137686
0x098c0f8cA7A68aEdb92D0dA7f53052C2ECAa717d,35.167637766522998399
0x09bBdBF944762E53fe488CddAe80808Bf54f87C4,0.184386908775599013
0x0A32D315706308606Fa05AA1D43cab50A73DD64B,950.939838413538507293
0x0a3B09Fdf4e04D72366Fa165DFD03dc8E22073a1,0.00009588756897416
0x0a724a8d269CdD43E4f0d23DaC7634cDc873D0c4,705.421543804797381166
0x0aEe658F2aD20e96b5fbFaf57C35E10CC2B12947,1.042336689868476731
0x0b334E5572b0293C5358AfE563DC24A3A843BE1C,20.417691629528852096
0x0b74Bc997aE1f7751C1Eb1A4e9D1179eC5983e8D,105.826722480981020797
0x0b85B97e3C08f84E7a66bf57B6253607210CF3f7,1.0
0x0C33E7245782B96F88D39Ab7648D55C5F7b8C8Ea,2.602478699796897573
0x0c4d85c56Eb7Ced6CE8cBf54cA400E08791A0b69,0.539275198158202332
0x0c52F591208bf719c701ACc9625E53a670024a77,21577.305938481243904963
0x0C7eFE153775477705ffAF35557A83b5cD01B7a6,59.268308112763826502
0x0C8EA709f342Fbc13fCF4d34B5dC037b24795C94,5.017627180556483871
0x0ce7f0428589A56758978BaeA712eBE6e5d4063c,70.532423703518463465
0x0d5227F61BDC888eCc8e280B69868Bb5605bBB86,1697.928314854231115637
0x0df022C8c0950e67325FBb26A381af7033F4f8c5,31.541216090521367995
0x0E15Ed82d4298D0d49449be073d7415E6D7bC193,0.006844875322650771
0x0E2Ab5E4270F693fb83329E85b5AE04D03e9C0c6,32.692510024089557876
0x0e5cdACdc23f3AaA7D558eC1b83C54976E582dA6,0.000000008384792531
0x0e74013c1aD1aBf534f62b60254C9F8731C56959,1088.422482418362446784
0x0eD7Db870C1f469E95E7984E3bF2d402d83C2428,1.208714148459542761
0x0f0496937D9403caF7599671b3E9eA6028a1fAc8,14.919771030193072234
0x0f2b9CC63F04966275AcCcde6383ee0C8a9e5280,39.083996399894896215
0x0F712e06f9F85340966f2d7B2A8B256f1A7cae30,42.049272472358850088
0x0Fa4cF566AF2d35a21a02643fa6116AEA9a59196,33.938619398094534676
0x0fc233a3D6592e4A87Ed4bA191e965eadbd01a9C,0.000070053410175643
0x0fC4e58fFFe3B661f8D7914B383840FdcD40DAa6,17.040167606249859961
0x0Fe0808a5a5F2f66FD96694981e4B3BB651e632b,0.3666180866327442
0x100f3342924e1d29866351451Cf8eB3Cd09eC9ef,10.107544808277339314
0x10122a7Db296778E6556194DC1CDa806aEC8be8a,73.74609483093894292
0x1020f263B101Fd023731843F717699F1815d44E8,26.264130177426932791
0x1063F9f36242e019cf6c9a0298E50b838f572ae3,2607.493586472593915848
0x1098094658BCfbBbb2FE3e2f4fB6d2ec433f5087,69.356619785458460794
0x1099a71fcB428F9adC67aA3C1b1B5512Ab6572DD,49.211905548981597688
0x10d957C7C2197F9294c4b2D427d404BCDb00A03e,54.005556033156006169
0x10E3Bc02a777C9C53bb3b2a401FBA5162AF5ca20,5.070057786907027846
0x110c3740448C8f29F0c0F77c5761F077eD83e3C2,3.655463695580359193
0x11316bfc1B380665C4CB99783DD86eA9e8945b4b,751.220131368635933758
0x115796691CdD844012D311cea53622f79Fb9CBA7,94.744520215724403686
0x11de774954bA100292ba4a5f2620Fe517959bD3c,23.155725301672756298
0x120b6fb80FE269b826c3d057D4C01bEB0d77FdeE,6.53297974967369837
0x123b2c720Dc1e939cB0734b750367a960ef6671a,2.152231112278194036
0x12c12CE12f0a1eF3681e67CD2EeEFf475CFF343B,2.664147416804321362
0x12c53A1F3fFA76e12F270131a5A7Aa675879f95c,155.8877287
0x1339FaEb48FbEdbCA49A15026912075150B5Fb2E,33.273610084932806277
0x13562244Db79668d6057cA282dFa62935f9c8eea,1.594928180725229938
0x14267e7934FE0465756E4123Fc6d88713F4af30B,0.218135488221893466
0x149702dE642d953aC7fCdD2d897211645feF54F5,1.162581047637484274
0x14c59dF44da91ea2f68C5F5AFADf2EC7F97Be41c,51.31774872565649196
0x14C66FcF343eFb533a6D6a8DBe4eeDA139f72946,2.001320416514599921
0x157DF02f5b9B85449e9fff12D21A84a3d34C906B,0.184335750841829742
0x166E2325A7d97eD1e0c5a93e34D898d4820E43fA,1959.503474087068730687
0x16A2e4916aF72f7aE47131de632955a35ab945E0,10.426650813287385545
0x16d61583DdFaf1b698Db5a75C2FAf44dD6E409Db,0.213119865646912407
0x16dc4643d91275Ee4A7085Eb14dF2D48a24bbFc2,16.297505735432158162
0x174B88E75b30b2e8B5c2da13Fb2d3351972AF35E,5.180076841003471228
0x17eB470b5E18457864e7277D413a421B6eFb6692,3.01052801382388519
0x18352fcc8CE476e1298cc00658c7Fa63e24228fD,0.000000001241376065
0x1849776c93E813fcBE78e7192f8206C2A40D9c37,0.000000606639147202
0x184DaB2d3EF019d724603448B76619E4702F3E70,25.95075624960109956
0x187AcF7645a20C7672bDCeef8d1aA97Ee08d542D,72.691841735288772726
0x1896941B527d192391aFbEc2C65D283EB4A9B5A1,71.027753646411049201
0x18B37E98F62123a626C367C36990636Ef42Df274,4.289708520724277992
0x18c7f8718270caC54c02C7302794B0f94A1Eb728,10.371441858686114337
0x1a51e26610FF9ccD35F8ed561aaA24049B847807,159.3857822
0x1A79aD5BaFc95520bCD65263Dbc0bf03d5E21aB6,0.008759652663985395
0x1A7ffEfcfc3E449B4a12970908ec3F63d47c8452,14.924817447089706225
0x1ad04e9491A4d1466B3804349E548e3a3f3eD870,47.458572804281372064
0x1b1bA353e502D7c8d5A160ff3a074d681Ee26973,906.303201922124724956
0x1B70266B3791E936cA18b22F00fBAC9A245f5B95,25891.194729316862803568
0x1BaB508712210367225f049eBE7BE6bAF54d2A01,1.113558997176180137
0x1BB88ea288b1e74cfea424333b9A41d1f7Fb520f,5.24437807745527025
0x1Bc587f7E2B58a191d25A2EdE8CE8f4CE5931f12,20.322541860697032091
0x1BF226c8d2E14435160aa6F9849a9b4ebbb6a987,5.848791832191201442
0x1bf5458EbC9841cc5a22720a4322C81b596E9e28,2.659123044752627625
0x1c4081e0F0c89E9B9b936E008a1C8d3ae8a60f8d,229.20177172937426971
0x1c4a20dEfe32F2A42bB5b78ee1E5a4670D348fA4,476.2
0x1c74d82969dF3A3761Ad5d229Ac7A54cC8481DC7,0.030178037813783094
0x1cb0F744c58B7360428C885b4de2D0C392418057,12.897473599000308351
0x1cd94830C9765a105f0e6b6012EB093f18eaba26,0.008246320774402243
0x1D3CcB5C09Aa61542966B857d0a61588158F1354,0.343792262991883585
0x1d69bfBd6551b3d27D69D851C440F36Ac1409a7e,21.921810340850005886
0x1d71F16db782756b7C69F4d8eA0d955917aDF23A,5.379047374899794587
0x1DbE943bB09388B0A02dA6A4e82bC4E8B851E021,93.224377138884914025
0x1e8f350C7Dd6F93b5118047D7a20760696643fd6,2.711919871826928492
0x1EA69e1Db8feceed0B9D65dEc2Db86C696F589F7,0.05070014992618127
0x1ecB083eB79153C35312564969DeDa887A7D05d6,35.077644931394978851
0x1F8454E28c4DEDF17e063059bCDAea6558a46410,21.733032344487084686
0x1fC8aDD30F88d5Ed01ef6830B65c830acE104E60,8.254382597056969587
0x1fDce03F8C3E2e62D266636ce18D9C5f7D05e0Ba,10.509624950787203127
0x2036d3aE3D133ff9861Db6a0516B0c628Ea1Cc5a,17.611059208339312656
0x20399352dF2Cfe33DB8bb151DEE0286D7191f385,4.656275019926331084
0x2107F2DB0BB7F69fCE54b3C6C8C0E3F8C69a0132,561.074149912584836554
0x21099a84f92f40A342d4144c42f8Bb11d7f6A507,0.144430041
0x223Da1DD7049145FCE47AEc98436Db171479C57d,15.008671441528697152
0x2256eeD19B62cbAe97279b6b6bDEb3a3dAedf633,572.215243094903655028
0x22a37476f962bb6Ba3a6a690e2fC9541eB5Cb412,0.607177051393741391
0x22d2093dC4383eAB2968DE91A4e72B889ac1ED0c,0.001014016430742721
0x2312822d5D9018c7651a8b5E6C4A32362282Ac35,0.000000000000000003
0x23246FB7124d7288b4F67BC204Eb01f930872e2E,0.838970391694988876
0x2368cEee4013972487ceE2A47eb3092cC3117029,64.91070993373889463
0x23a2087948CfAfFBAcDb3af35EE9814633B78BEb,0.838970391694988876
0x23B59b0Cb43ffF339e94F7f4c9a15cFED1C35Abd,0.942520069474128545
0x23BA9782E818A359306b7CeA39148c6370cE2AD6,0.746876483809188399
0x23E38A1C16Cc87f4e73c202c63CC56704E6363fd,304.85310687320139561
0x241c337d3Ea71Be1611eEe48AE5c9ccd639aF538,189.181263227994419179
0x2435e49cdA91DFc6BfaA70ecfD844839a3C30905,1481.712664248847043396
0x2467379e2908B9e7A57db11Cee2df7a631142Ea6,79.266248511703529422
0x24a1E92d0e3C26FADfD043750cEc32481a8be339,0.203579949748247674
0x252F860fC23b87f351285f069E16428f450D0a3e,0.213892073772772989
0x26450120123c8363c15Fb999a0698abB9DB7Fd67,15.937399405002260413
0x2667A2975e3377db44BeCc028e4bE4B27247c147,175.821932942334136075
0x268807C371959bDED1b55E192f23E2D790B715A6,42.149789604129163774
0x26E313930fe72bBb164345b8f9598dD1f03423B7,305.426527971900750719
0x26f5ff205c166b942E6D8297e463787e01e74Bfa,446.223373405686412173
0x2700eB6ed181c5D2F330C61eEB44bc769fd043fB,1440.449582890710836235
0x272432921C1aD840d8a095AA6c928F6BAe48240E,27.577119446411483402
0x275264009a6A990523920508740D3B5AB08FE910,8.528599930503665514
0x276318Ba1aBEC5dE75096C7a3AC2583766B92b23,200.633875080288137579
0x276d65AcCC729C9804d4bCA334F1ecf3F248793d,6.971741608430517108
0x27829bAa862e9CE0bf1D587CFd2A491082A1Ce9c,32.522998068365499374
0x278464d95e539e759b34C8032BC0A3FF4A4fED0f,247.018366071404050659
0x279491Aa2f112dBeBFdbd3a9B0475ADe8E4B5e74,2.359113553909550547
0x27F799426e87198dCf55049b3483346f95418F6e,29.718904405901073248
0x28a4c5cae1A33B242D8AAf4ae18Fa6faaAD76CBC,0.948471570745239034
0x28C9D0425cd845Aebcf0a1CE2A9Ee3Ae1a49Bb29,16.119133785759301714
0x28e2Ea090877bF75740558f6BFB36A5ffeE9e9dF,1158.243478803717174036
0x2999349DdfF3fEB0C91Fa52f96f077DEaf517d73,0.408253074823081863
0x2a2A616CD2337C6E86351074efA9839E61e556a7,0.595285293763784144
0x2a6F15B2ab77d8dcc75A444C07015384F76772c1,0.007328721044444705
0x2afAd27c9BB7887800AE3Cd0f2671eF2D9A48d1C,531.207767806323709653
0x2b0E4CED8c0d3b09B54221f09A958CA9c05A48cB,0.820325050198888013
0x2b2ac842B60AdD6EA42359Ac4053b3D7b7E4B530,1.042336680530915861
0x2B6a7041E17146063F397F2f823C43ed035F166d,647.0524359
0x2Bb944ea8f92aad5b0FB3c2e0CdaDD614BeBee9b,73.036102583745988722
0x2bbD2Ee35d010adB4f20ddBFd72ADE18093527B7,0.000000000000000587
0x2BC75E334610E279072FD003C859E2c935BFAb0c,0.274067941125900882
0x2bcDAE9CB449B9707b3D9DA4864E958652882dc3,0.539287646694388959
0x2Be8672cB5b9bE18Bdb514846FDab2AfeB0E7284,627.338469880737395107
0x2C00BA5B0E596a154dDE7E2f355de461ee9a415f,71.929147642660177039
0x2c1d6Dd22BF9114736bF1EA6B32f00e4534CB7D4,49.600000000000000001
0x2c4952094c56872DE5948eA603D01ae2A8fa2fB4,25.934543764993006672
0x2c58f51626D98Fe0421205DD3a71276B0e27F9b2,139.952482083727574386
0x2D2b625bf88eD281577d61a3aA6EeF9225cEe93E,1.810889308000084107
0x2D651155251C32c8202349E3C511b1Ff15F989d8,3.949917595715635243
0x2D7a6B09a96EEd10227Ba4c85c0A21d31c723547,411.108152371091571499
0x2D7B004fD6b5833Ad543Bfaca95d1CA121fa006b,5344.486673196553794248
0x2d928Ae434dbAfA3aF8357EBf9e0465AcE462B48,309.262159313254051017
0x2DBf69e0A3abc272C380b1AB5905D2d319475935,464.420453853079113419
0x2E1d014b50b4d7e46C181556364FE84f08535387,136.3666415
0x2e6bCF888b695E028FaE93846D77772874414ecf,2.711922870802773075
0x2E96c79C9Daa599a9bB22d9833d0A947Df744b5A,2.532799415143645799
0x2ecF3c4Dd634209b0c4755823BF792e47358ee63,139.526720785294250268
0x2F12b812480301566719F7808CE37e6f9c3d0136,4294.245939033262275723
0x2f30105A5634B07C994734b4dB396E9127d22A87,2.072401891524865495
0x2f6e04b87c6511f0f154064Bf615C21398B85709,8.442902821065646102
0x2FbF3C84B5DBC8ebB68860F9c630fbB7A1F2324c,284.247161085415264084
0x2fcb02cB81d6Cbaa8A0AcF587756819Bd7fE0e91,2.417807690098491444
0x2fcF8be0bf001106C5b7D85E2E8B2383E3566De7,2.960471785287798164
0x2ff277Cd46f4488029333c9181d494287f91164c,0.035134621571740653
0x2fF5F63AC5336eDE1F3011D4f80464E66B4Fa803,171.101664881873429863
0x2ff75e45bc24552e560Fb726EAdab8738777777B,13.187438349682563698
0x314277Aa1E2473919fcBb0942aB4B67471A3305D,8.067131731218849976
0x31Ce9662D93f1A6c31E62337d2F144A93C8b571a,21.273737625464495994
0x3231cD483B2eE767Fd76c4E7D4735b86FbECda36,2.934565561488860686
0x330793Af5be7492c62a4dAb51dD83f8d4f361b28,83.000272623477216702
0x339086a1A000DD86F0B3A7e48EA7255D63c89380,20.296215081902515264
0x34204C209035475d01B9750361344F7362d2dC98,22.0644708364831186
0x347b1b5e9eFE65f1b83D396F0E0E5Fe5F9C9BDD6,2.370651543073293271
0x34c90a2F844a2170E62fe3E06fFe7Cc7540B0e9c,2403.223894083764707776
0x34D3793085EeD69B021cE9bdbaE9DeC5D1D229eF,171.717297
0x34F167dDeCB0f30f1E119396f4F3825aA1BD88a6,11.318801429187327394
0x3500a3Fd303538227907B4FF658F690Ac3423081,26.192957763993477697
0x353F6eEf7F3F11f83dCc13766A47538CC626f118,280.464901557
0x359613973C91CA95f310A1ea58270df5B8806Df7,0.004175884482971588
0x35B4623a135C0B4292B9411B04EB2d58f9FAdE72,58.815257258504491968
0x35B8a09F69d7c29f1c27093C131Efe7e687a0D69,11.441549129634571046
0x360F243ED10e41514fb43D5dF0fCDcD4472e9b70,1797.906530048302726876
0x36128a47973cA7054267C07274159A686532e134,0.005469809701682823
0x364e028D899a02cfd4023cA71CACA4836ED199D7,15.645801243629091934
0x3745eC1D4b9763b478877B954Ed2B68AabdE32Dd,1.671545476285778002
0x37D47aBC0970d6A506C294E5a80d1914fA0D37be,43.935349672844986073
0x38C3C479940a30b2e454F6bceEc7430afded6298,14.908401281183534817
0x39AcAa47a1Faa985A8e84c4c922B7e4FaeC96087,1.245844164471980667
0x39E026591F28c3fb70e4025Eae9F42177493624D,17.801344405659088719
0x39e0BAF95d7635c30D4b5589Fb11f0a1D2223187,0.028439342156701053
0x39fA820547cdC0f6b3B97Cc6308c868cE7c8D857,40.985797341930840931
0x3A63f8f8ae94921282cDe61ADF012Fc57bf58de4,44.957048942048872841
0x3aceD701375a8B8a47fc77Ed2F16b26df02CcB4d,0.948471567675874733
0x3ADBe4686d150d33a1111dda47cBeAF0b854a1d4,366.053599796718188325
0x3aDdd39B3003E112eECBE0eA01Dd82EF8ADAa37c,0.03819904886418539
0x3b1EDF8DE4fa16ca8FA265b57E68EdE610Cf1720,1.243083169411004788
0x3b289df1c7Cd776BCEC51A9f055581284d48fAe8,496.928712967810555599
0x3b35eeE56fbCC3E79a44FD749a68Ee2b122Dc306,35.047612191360248496
0x3b8516E8EF922270f3DF2861Bb60449ffc3Fb104,0.949712029944812687
0x3B9275e27732D17224081466686a8F931545e539,15.8529471398684805
0x3bb080E5200d1E832367663c741E0231cbA0d7D0,202.232892693013481934
0x3Bcd8E2013A4500e9a719e6d5053eA455Da6e947,0.506157545369618416
0x3bDdb1E146dfD87c07313C5286Aad7A13089582A,108.831132647630025664
0x3C1BA3d2c73Dc2Eb3EfC9Dd1d172683B212bCC5b,1.264331168679475984
0x3C59052363de9aD19876A5Fd7782bA5a1f601abE,2.750606322126409766
0x3C5C2b7485b8ca0AE1fbc2C34D084c6d69dbb992,2.777551545656695379
0x3c6185C1A7Cda78F5eAf664cef17B915b8d62cbD,13.783338876085898319
0x3C990fAC2D1c2eCf2eC558Eb17fE1eabb3eBe862,0.755684009630057404
0x3c9D9B47D21a3eBC67724b6c3E4199f222CC6b1f,286.318964286748365443
0x3cBd8C73Fe39c2eB83A0794A0CBe45Be17775268,7.364908631696174634
0x3CD6935BBd070E822cD8B7C0a8BAa471664CdEe8,70.688700106312097932
0x3cF5Ae4457aa1e4D623E8A7EC5C1412E7B08110c,0.028445118119080541
0x3cf6c5d24780A971406F1e6aE94f1a213A9d9B1d,5.127427344103123984
0x3d0dAcD43b65971db59221d3249B7BEb638bc3c2,64.806190600658033349
0x3D4aE1CF03cfcEC7A1DDEA884aEA0C780d112D0c,40.684273839292719876
0x3d87DC5B5Ba672de638965a5CB93427Cbe75c696,0.276551896924208832
0x3da18285093FAE4779D578C118Ab6B419c9cE662,18.93255914912651786
0x3DC6C7D7756C5DAB7d4A71838e994D9dD7190cb0,3.217106987073665138
0x3E46f17cAaa5749189221519B680F7285260b5E2,0.088827437981976183
0x3E57261350d7dff5D587EA3Ef155D98AF074220F,71.0
0x3EDa27a678F3918C35514497Cd018D113e174b6B,30.283193820948871593
0x3EFA481e0ccc537C39D67868526E9F1874294E02,0.152068279643039521
0x3F417368e9B34356Ee90059584ce49988662d431,7.070866344048728047
0x3fDE2015121E4a15f6513DF69F3B8b484b72636C,0.485662398268477458
0x3FfA9c52b0d05CF6Ed8F78b5b2b158067c2D0032,3.256643725319012494
0x402F5390641F6bB6972f97F7077ab7041ED0B6d8,94.254198151438675267
0x403E181C4614121A8DA7CaAF3ffeCF0D253b98f8,171.743992158944158326
0x40A20cab89B3A560738e8fB83cA441daFAF07c21,27.107893524606618208
0x40f72D418dE4de5A91f08DFfd0BcfB8C9AC45001,0.001
0x4131Fb0fe84cf8D6aC68D075c0C7e66815271bbf,17.197987476841970604
0x417DCD1403D276791bf3F21bf1B4b696137f2c61,0.138193496956971236
0x4196C5183268272C906eaAf68cb94C358BfC5b6e,14.257015882985589047
0x419808B625cb2C8F6721E758FbC8e4cb7e8a2FF7,0.000000008208405802
0x41B022Edc17C680Eb55464d6D714962A52b60407,2.469073015310264688
0x41d564eE6A6EE0737D8D08373c638A48bc2F6DE7,0.752111793618036229
0x41f5E4e50538D23852c6E6b7b4aB86aA8fAf2a2C,190.500391567970518288
0x41Fc70c0c3dD318375c11b7db1CaAFac2a65f44E,20.526497923274203541
0x41FDAd7753459A86248F89CAabca8f37aB1d8E0c,6.626155014975479685
0x4204623F9Ce0744eFb90128C1F78FC5f78A99B42,7.482042032758598701
0x423Fa9D4B60feDBe2FB5E3f555De887F2F866fFF,383.973585935955365368
0x42659F30422Bed6F4B96987b1f130a73B4a9c45E,19.162791365548152467
0x42c409ABBe865DB100e55E9558877714D2bfCd39,2.354471436064329183
0x42f13E97c15C21D994629D933b1D7Ca7B34a4e03,15.8529471398684805
0x434eeb54a089F63D58a11AccF29D96a2913DC5DF,105.073179059576385698
0x43E36A9B9702A1cB870f612b2b81d512F7e3515f,3.016745048949528011
0x4453DB21EC6460715858A8Bced05969f9991Ef5A,1.995265972566287132
0x44aE4e72EC8aBF1D001A8bc2E4cf8Bf51FfEf1c9,5.76155935213472807
0x44E8e1A6d251508D3B751f9ba09781563fBe4156,0.000000003881781612
0x44ec1d847c3670AfbDbA8B11F3646e6c92e7b351,51.281438203082229306
0x45175ab5d9c0b24F0A7b99e1a99daaF86fBf61f4,15.163181345283509542
0x452d23FaEf7d59EB5F4b01a3c62d2F1F6dfB1edE,0.607177110886720313
0x452fd9F29aC8417dE9C95A75AC89fB244d9991D2,220.0428638
0x4547fDfF55fda1218cb996eC9c4B825aAB299B13,67.24354664483589369
0x45550200B51005282E7a43729e6683825A6e44D7,0.000033984786981585
0x455937f8D69AAAae8a7fa5135d2cC6b06d3b592D,6.558402226139305318
0x4559c0A9ed1723A39d494d5FE75E8Ba7a13b000e,41.041134515656298111
0x457417f24Fc6aeb20A4c3079739DF4c8EB375FE3,5.365358801720602691
0x45Dc15B07C3fd448f3E827002F753BA60fe4358e,409.357614083563267894
0x45Dc40D9E9016E725936feE60089f716bCdAF090,188.3887656
0x45FE44C699014327A4145D1C7366fCC3109Cdc9E,12.178701885591901172
0x46604d64ea062061258A4004d25E8118B09Cc8e2,7.550738756565328473
0x469eBa86BEEA99BBAf6D26688d42bD9F91296aCf,0.001
0x46a30fB7cE69C8fea15EBc6665ec2A59bA18ac5E,0.607177186618138496
0x46cB9EccE0Cd94cbEB3837283Aca035C44236C9D,25.934548738996957201
0x47272b8bFdd34BDD6BE7758eb336FfF4D31e1bE3,494.117308798686304839
0x475FEf6CCe7366926a2Ea228A1C05371901943ed,12.432827665614219387
0x48F94c9509DCE7e3E6E1c6f9BC3c9Aed724a7B07,2.960589797530219656
0x492251Ec715D68bB59D90f308481B94B93328ED8,398.413748402468411506
0x495821c823C955114b2d674A6Cc761a243c32765,0.368050654346474438
0x49922550FD0Ce0215a41f553C3A7537AF2bbe964,1155.391633203252813169
0x49B58f634C369f379383A23D61C48a3C0f82a402,25.673014016467059087
0x49D19ac716e8077cb3D5751b14785b0D4FeF17a9,12.891533807131721631
0x4a61EdD2E3321E938f13b211F0a96986c9B7660D,24.589349029074611884
0x4A6bd624Df5aC5A37b824e7410fE601c6d596dE1,0.220777987558877154
0x4a745bF03A94A4336476AB19e79b8CD3d7eED326,6.265000888488479427
0x4aDbE5444701FFfC8821AC70906832d48B483aa2,0.1
0x4Af0b99c9db8Fccefa0521289cca07FE3E7b0B51,527.1695886
0x4Bbc365893e31EC54FE039C7515b6B4Ff0c59FD7,2.247550316386407431
0x4bD1025f508851A614663d447E7fF35256f44c8E,1733.568722938536812001
0x4be341212dd1ab834882AFbe895AD9BBa1b4a66B,0.297651364920709487
0x4c407e34b9c60C2A0d67d9A2E296c02C7bDbDDcd,53.131199038193203034
0x4C617C59f0f734ba581A8Bc4B8591295474Cf425,349.866217983795518515
0x4C664fdF2e97f19F6012d31B40592DFeca01FB83,47.979604750667989403
0x4C6E88e76179Da40385129BD851C51AF9cB5d010,99.63518128
0x4cB3576D1219928fB6d33811458717E5135e4052,1.77364986246501395
0x4cde052b31E71D1A83F9780BB58C0819ABAB8411,0.323277577234545459
0x4Ce955Fa3896eF17e77bf2a0f70aB5642C112fdd,0.334664996803563792
0x4cfc6DB2B167Eb012496dE6763175bb4F50d0eca,0.779545036658472892
0x4D4482f896f44bF85e653a05aB3Ebff8f6702A00,10.776823841539683375
0x4d4a71B8028a6617f2Ec07662F39C5a959c01CEA,51.920926464914244992
0x4Dd04909BB51b8F22f102cb2765b8560B52F9963,61.959763684376720236
0x4E8243CAdf77B1979E4d15C265FF13f5bAE13D09,37.628640691482229542
0x4Ea5d8DCfafccCc28025C791Af8AF9F824778C0A,0.077024121325026789
0x4EcE6F63B2479A135946D87bce67A49b9B89735d,3.122201486636085876
0x4ee144aCaE690Ebc52873002918F3Fdc5d8CdDF9,408.201343949671087415
0x4eF12d577b8dD9b613C94FBE717d09C836c1Cdd0,67.943880952161552528
0x4F290dcB9f6B1B413D5af31ab83aa41b82c33bc3,53.788205767977642553
0x4f82e73EDb06d29Ff62C91EC8f5Ff06571bdeb29,0.09580013859519839
0x4f8C68fE0f2878dD12c4F56a05054277D672FF75,9.271469496970529596
0x4f95aC5dAb10aC8B4709c4De6c88FfFbEa4E56Df,3.194013645557188039
0x4Fe7E0B7875Be922aa9B2BDc3Ac6B6aD75af3eDA,0.009241659050246092
0x500debF9780C0c5b4325B340dbf8e659242850c5,0.000000000000000001
0x504aa6916720819F2B791840Fe4da4Ef64071341,318.787019099315708161
0x50E63fd6883ff4bc19E8552c46EE49C908070841,17.456300317561446272
0x50F52be1A45f0E6d804AD22BCC62C37bdD664BBb,20.669351485537021381
0x50FC00364A0aB81686E29552be90315eA2B4765B,396.41723912076861358
0x5100bBC343BC82A3F9d0E910e23d8a530449CCa6,48.428008464372815996
0x513945a99ECD5fE6dE47711F9BC1eB13Cd0BC650,0.218850673227580345
0x51A1eC42519F66aeA094b5544f1A433d23D31743,159.883243572353657926
0x51A7024107dE725D1811902F5CB219cBb4B889a1,125.633163710772972081
0x52068108D622Bc340F8886d04DCCF1691F799B12,242.211792776
0x5213892D144db296BeF1e172174B39260fd1945a,65.421932942334136072
0x521E71Ea623e4C06e9CcA3CBe27f3191EFc93F96,0.00219698475125044
0x521f5aE7B4b2627f9efeB30Ae52f9e73cc644165,779.219550678708596314
0x5226B0890C1B6bF3ed2844F38af180b653c355b1,145.40760769375138653
0x525c0bD8a00c6F03Ef762fABc11C72Aa62C846E6,72.572433878137373242
0x52612ce9176641e54C60985b05c8FD0bC64b2D16,278.334162719450881872
0x52ab0Bf322B242709504E565fCce76c025E1d904,378.940378892537316504
0x541c20D2f762BE3356999e03f772902cD233C510,423.173471031230732918
0x550617d8801d6C97dcA085b4DB55752793F0297e,28.000072362910759551
0x5517567e28455e13e164e464Ff6D873c23e9f4ea,0.376172497777305866
0x553b93159E6146e5fBDb95C16E1863a2DD64f3e7,0.708866390725686384
0x55f96Af67F99c98ab0dd35E73E6b0aBDCd2F38D7,1.730909488328000989
0x560cE1723138370Da28943C596Aa690eb66ce826,80.0
0x562bc4cFc0c5Ecd3D2eb7A23E32Cf6FDd6E2fdf6,451.921824981523564351
0x563ADeb82c6Bf5a66189bA11D0A4eCa8143a5858,0.009
0x56406494Fd6dbA01E8Be63F1Cc9D3363a7fFF3BD,1.671544649308422227
0x5664AF64F05a7cC7B2690832440c42893aD8A124,0.822232722709780555
0x5667e12027179CCcE052129CD089c98acA3dAB81,37.918171421286774181
0x56697F41389D84278866b2E1aC34D208D0ea6216,38.812465188677407802
0x5683795eBF7c77452aEdE9913949e4a64d6606aa,1055.135030797919996107
0x5683c87AD76B002A85c3FACf6A376A9BF731e78b,214.921103431499283664
0x568E10fD5b6B539f508210465d0Fce62eF3D9E10,0.000089380041061483
0x56A94ED5962DE07D364449227E74C0693B5131eB,34.393929862813941928
0x56B405172fddB2Add1640a55F1238800394853eC,38.989573496885447846
0x56C5b30e170F3100257c303668004B469294973f,11.88109693
0x575079f4c16e067fEa0039F9f77CC3c883c76B8B,0.533139937525915978
0x578a9F3bF5e5AC3C88b2F4b0Be62704306233c01,14.203953519522728507
0x57fb4b2cF8298812AeF69aDC963Ed5659250673d,12.675163597429651519
0x57FdD673ac04474fe8170a757c0C2A62DC0391ab,15.8529471398684805
0x581200F6C20aC9c2999DFeF2b4b0EE038A1cCa9E,722.706986790368088
0x5888DF77e9a4b274d0b6d3c1DB68471f833ab85E,162.986801896349127171
0x58B14a3B735F84B8A6eDe8a2e4c7F1c2C7887Ae3,21.96347318105836061
0x58e880B09D7dbA7A963a5DB68624f8920599236D,2.646206878180698241
0x58FAE8bC6a4A8EFD18Edfc8DdBb5d1F9eab49F9C,1.006757794968242928
0x5900Bc585DAF9240b63dA8F4C565321f2b006a7F,155.152025212511619087
0x59458692Ee191340efe8079cE3C7e841fa316CcE,7.973347845003976967
0x59ffFAABC556Ed3B8A0C07DADe2DEdb8dDa18a27,1.32317991199265548
0x5A119dbE89a2CE9ebC4108677b2C1D29D4a2290B,236.52036004260213614
0x5a42149dA1dF14E4c8984bf14A21B2eAB22AfF64,295.0
0x5A63b447bdE8867F7944362273dFfd1EA1CdF1A6,482.078959943903330947
0x5aD5893aCAb0DA527B382917F213c36093a11418,34.199209813124728217
0x5b21b1d856728FaAd094e1FE6661B4157DaC755c,72.885732155630425228
0x5B6EF692aC1eAf81ba5D2afF037633B325288bbD,19.666381422479574566
0x5B9f597624162E0F28747Fcd70A177BE2c6bFB2b,12.093913682758724474
0x5bd4d24e964cBfCE3c187Fb056c2E74577C136ED,237.538906407902622803
0x5C3E5c8f7779C76117A8b6825e1082654D9c1F68,20.546886765586912825
0x5C892231DE71f113d921cC9061BeE7c987499F46,416.40025655936725894
0x5c8ada182f13D0A3614DAbF9C7F00e3BbcF4dD5F,26.296106365678223574
0x5cAdE13804269c15e21FbA31238BceaE14585493,3.459580682524690982
0x5D0c284E758fd8cE243EAA17d38Ae65d00F86fd5,11398.908540018904185427
0x5D3242862947F60e4D48AF3a84972b8df7Fae65d,24.93454346111074413
0x5d4280C45E749dD6B3762388BD7383498b580153,0.540330570465365372
0x5e487A8912aEa18D8F8a1633f63bfF22a83034CA,0.095784481174321297
0x5E50C718c45A53eb16A3A2391e05EbdDF1Db7848,2656.298349190708546747
0x5e7f404c8944A8c1F8941C824FED3a0a5cbcfed8,68.580146003498659619
0x5E826169684B8A4236204e1293e858a02113767B,23.356560546973563299
0x5e9E82A2EB020fb5906CEa81190657F3961104B8,0.009945509498853545
0x5Ea3fEAC3951E17243c1De119D496f715f671D37,0.181659345355145935
0x5f5089649f7eCc7e7bd6F9caE5BFED88ce16909c,52.516419622873382365
0x5F8363c0d619b41dDd2B9a78788C69B2A94241C0,0.183994405685378157
0x5FA41cb16e97B460b8Cb4030f80012c6d252eF1A,80.158589057653643605
0x5ffc7a8e9e2DDcF87494ed179D88De02bdcbE9EE,2.130310721936040949
0x603A2953C4055560942E188263ECf7F9FbF0a7af,513.049255255433602228
0x607131c8A2755E8ca6D411B1f1809A61e8c1a99e,42.524189971715813455
0x60a77cbf25013E216515Ffb531091ED1e70f7001,41.665920206053620313
0x60FbaD1165693EB4f777893FF7669DA6eaF54136,101.483110252628252254
0x6110E21C734EB5B41F724D2167533f21E400E644,17.768107734228495672
0x611F83364bDAB843A0099A82f5B1B23C663d31E7,30.815793098450480667
0x612f2068D0444ead8C9A8Fd3d3724239AcD55DfD,63.408302919714963221
0x61429e605A4077F5204afe268Cb33e11E06da848,0.000000000934762753
0x61526476dA00AB73d8F709f0A809856347bafC24,20.384675691971422435
0x6162834E8ab15479eB68CC980D5bE2BCC6ef65c9,9.345762203854140878
0x61D84a73a7BFbE1404B742606d382d53D86292eA,23131.850682768125567454
0x622013d95df16a20e470Ff64fc37CbDc37941Db6,151.124495560045917502
0x6222236d9BcD932a58F9BeD209eF01F295c7211f,5.310289537890428019
0x622B228d9cdD3E456034F21f1489F3c04cFc05D8,0.60709147328750482
0x623e4712C1507aDd9AeFA610539a3314FbBe49bF,9.905901968042091555
0x628bE52A5A37b7C4f78c3DCfd44A0885034eCA4A,46.570799241672558139
0x62BC21D08fE30eCDE038878dA8Af9B02C574463c,134.984689299840424991
0x62c681B1a22d8A44C58E4ca1Afc7C1Ced4b85b23,0.000115805106629422
0x62F24422F4459DF4001D0539F69cd91d292B4B39,16.729182630054658385
0x62F984e4B35c41fb9aEA6d3Ac1E5a292dbaA813C,1.94062325943387039
0x63242A4Ea82847b20E506b63B0e2e2eFF0CC6cB0,0.000000000000000001
0x634DB5b185499d0Dfb285Ac9805F022F4e2108D4,0.000000000697660288
0x63D99c05A652242B46393C9324648a4Ea298523F,3.573145246363640847
0x63f5Ce18D69c9EC8373Fde24c2f981C5E321531e,4.5
0x64582C740932D3fc6151d34d14ce144102D6EBBb,2.580917560387736277
0x651353876958c48a25D8014679db93A15D5e306c,226.041238875317047198
0x654f8A4e55201861BaDB06FACEC9227e7eDE695A,0.186215724214722227
0x6587dFe813bDA2F0c9F1D855aE2A4630ffaC6b80,8.788624700218323706
0x65cbc8d908EB621e16a742c9C91704bc8d7331E5,0.005991099969417778
0x65E18ac0a2CABD6dfAA1357c6a3e75bE2950eF64,8059.035265444844687544
0x6635d1Bc668A90D5107847B3dd4f1Fc76893BD1d,0.184232071248190879
0x6652a5ca8b536c77F4dFE33FbeC2AdcE3683f796,16.984568415413244823
0x6668b9dBBFA0F33BdA9F304f7b40e58CD123Ab51,366.668458134018340752
0x66E6C2d4D8c2acc898C396ED1Aa82ddC3Cb0f6Bf,5394.678434163154194799
0x66f3cBD23f6D4B5E53c865c4fF2F78925dec1730,67.744792667871887068
0x670e45eC5dFA4e2eb3858Bb1ffae10791e86a0e6,2.216796984983711243
0x672315eB456A4b5f51b4ec4675c617dEE72D57B8,24.287985766191535719
0x6734279F6571A38Ff5ea1C5BafEc103a994460c3,1.395090389128241379
0x6743e7fa69c6C5DeBf242e3eAfe187bB27eA984B,5.379047374899794587
0x677634cB663EdF4144F86840b62aad9EC0466d26,10.99544304411650305
0x67aC4C4FC3c2704c09c8f36aC4D422a3e88f7513,10.367294037574353283
0x67edC342e4bE05d67360B45a579b2740809A1460,32.96147111
0x67FeD098bae9CaAC15Ff3656b77eD8197E1188B7,2.467667555933851632
0x681cE07bdf65b4148a2b4860A84545a65000eF08,0.000000000332179876
0x682889cdB9b889f8A6312669C69494aE8095322A,25.916377001019287916
0x682F60dD5535d2aeac7cA82d27c390e0f0Df79b1,146.7558237
0x682Fb1df965126C1Fd9103243B513E75a97160e6,1.391795565526642272
0x683ff5f140993cBbD95EDB19772eBC0E957aF356,17.038926910581307152
0x68572Ac6EFbb9029A2EE438858eBd95B30767dCE,14.8768486
0x687174D87ccC9FC43EE53155C9FA9dC2DF488d81,19.805215319624054697
0x68736679154c7EB2F4fd9f15bc2dA440c885CfD3,221.275888007725040693
0x68AcF9446870A1098D3460383f531541635e6D95,7.096150400760256955
0x68B42e485a963F4e8fC2486dbfc9A6EE3ad4C766,13.453614877582776487
0x68EF388FCeAb876cFa034E34BccAC79A83D13dE9,15.8529471398684805
0x691DF11F7475C5B1B58AB3A592bd35C9296aEeEa,10.288457807130048517
0x693A7c2A767f9bc584664aC84B70DB7c4F13Ac53,7.361013086929488773
0x698A1888b4C10F89F0CC895c1F7665Dc472Fa225,4.379201872440084129
0x69917B5E8Fe27F2bAE83cEaaD087c25C2e2C0434,0.838970391694988876
0x69AAAFF7419FD2ce58079f05ff06b2ff66d446D2,0.006
0x69D5e1c8d014746ae4A823F384eB88472d472BEC,30.860885064155426152
0x6a02007B4e9012a6aC25728d5a044f76fD3D8EB7,0.012510810189643722
0x6a02917c2EF41F01aDDC08Bc8d9937D902d7AB62,42.057343849886807737
0x6a33998eD83bCb6400cB5047464C0ef1607a4C05,0.108041042759616641
0x6A7464967f9f6dFdd5bA8c7c1b5BD9339640a6c8,17.080392567042855376
0x6A7E79939af39C73C718090Bb04515157E5321ee,366.367318935462082333
0x6ae32f8642822C2Ec89508a61E5f2755a815Cd2B,20.663243482357589223
0x6afcFF030587d2315998d63812Fa263ff2CFe59c,11.494270402857407146
0x6B0447fE6260BF61e85511a97e45b92afaA1d495,4.004420629207951087
0x6B4232B47B455a4e3c9809606552283EB9ff620b,0.244311160637500962
0x6b5E09DccdA728B291f95648b0241c23e4ee0414,12.0
0x6b9570337Fe1a84f2D014D37935Bd4d74ab3CE98,108.67499676680366058
0x6B9878829e7e7f9404Ae7660219048a7762cD959,0.416376237180525183
0x6BbF3CDaEEC05d0dceF822C1029FF21bBE242945,15.042285608380146637
0x6C0579E06ab3ab67Cc99df3d60BD5Bdb003E5711,0.282206283281963542
0x6C0E4a4664a3787E1dda52E7574d4403B75A07C1,59.191246207744495352
0x6d20602226e8Ea3B9cAE3c276f319cfFe5091DE0,0.145526004554654682
0x6d5aFc187f5989730A3e914E0fbD787617678fc3,1.79892062685142313
0x6D83611AF640fFF64a43425884BB830D77234851,93.512067267970755836
0x6dCbdFfA111a18210176B6c75c5b3E37e1917a66,0.003149150817836962
0x6Df7F4fAF0CFD428c45cb9C958470078F6DaEa97,1.156681494682817719
0x6EbBD4C8584352C2D051FC056646a9aE4779A86e,48.041849712189265649
0x6ED4C057489b865E2EA481453FddeE503A707F05,19.364315031531296312
0x6F053a23CB1Fe226DA1f99c0A6ec5f7B8ef19471,0.366948453650188198
0x6f123ed9aAD0da410D64dB5b6721783cC5440C6b,38.908099953404622233
0x6f2eeeE9b1FC02A104e06EfB67eB5DF3A8FA5A7e,0.897243398147354934
0x6fB22F5C315a2FEa7B7312A4050E4C01177f35BE,131.232460401450174335
0x703C55466edfbE61C3F154b08DF94b2d15555BaD,3.739232925071369815
0x706DC665a7CFb879768B91a1ef851182083f39F7,27.624870975501370491
0x70B9ef1b5E8bBAF79b7dAAB7fd5A733f37fCda52,14.719994401175728449
0x7117d7d11c5Fa4A514AE267E70B981848C297246,34.507931367254055556
0x711B00e9712b5597cF8cB024C00FA45e64E3542b,314.925440755602539355
0x712292B32BE29f9650eF686FFb5335752c3F2aF2,364.442290859291491732
0x712c61926AbD603E245bFb53BF21afC46D75c78d,147.85742568123353411
0x7193beD242c0f88f2D9fc77A7FF5510897106c4E,488.5876002
0x71C2F032Bcaa3A2397b91649aEC68f6CDF4E80B7,0.000000003858458465
0x720911521553Cc1Dab83CA9aa5e8D5e815887484,9.5632741
0x724058b89989347849D67DF605dB1315D6Ba7264,2.48555394050097719
0x7244A0DbC18149b944607d7B165A6E9990Ff887D,18.654767911054254573
0x7257e444C7b464AeCF978B334b5F641c6FdDcaEC,71.994618665920301459
0x72D8194BC6D0bf94f570155C3cdD50a4f738f147,287.476204610909714661
0x72e035FA112883F0F9632520C178367fdEB1151a,0.485662526853481849
0x72EE07C634C9125aBF1F4f6D65717Bc582D6A3b1,161.324936871994686271
0x73003714E6E26C5af7AFdc4013859dA73Cbb67C3,13.193220041697350213
0x730a88fb39Dd19df1072Ed6498907F3c3379f63C,26.841259179219342515
0x730E9111927d7F82b1A65838839231a5d251bf90,0.009216419929419783
0x733AFb2Dda45d6D816039373A2C766dB7e98c704,0.00939685519571413
0x733D28Ce84d7c2b333bDcC3E52c08ab7426141fd,1.042336717918722616
0x735e9AdD5cCA6b09a44A05995323e90b9445B3Bf,17.241819372113855755
0x7369AF7AAd046e85E9DF09F335A0b457742d62a6,4.644684297795503594
0x7372EbE65Dac3f0fFD5bF944190997f206A06311,413.94574490883945978
0x73761cBd7b1D59147775882a7cf2991a13Fd95Ed,927.737208533439205724
0x73782dA6f56b02CeD58ee8FAD0d340AD2616E145,45.384313301287461171
0x7405a5FE64c116082183D476F7148054abA51657,33.796105687791682201
0x740E5e32b9166608E8D240ccAee575aC765dA80f,2.875239852119013964
0x74192c66637844cFd6101bB9D15cF63d62E389aC,1418.976401961648784018
0x7464f1AF2D8efe02d5af4E1cc0DC009B366324D0,5.260090431938676455
0x74A65EA32f0dc78D4aBBe4805B8CE0021906aDd5,0.000000000000000835
0x74b49dC7FA4a81F8441F013ff1414659c3228cc4,48.872584680726500413
0x74Bea617A7Da7CFcE0245Cc9C9E35223960Ae2dF,0.208819669161400269
0x74E07AB216BA9BDA38F9dC91D10E59B3771b9c90,121.1597487
0x74EAbF05482A40Ee5b34cdA28baC8A3C1406D2FD,125.8566978
0x750c65Cd4D880A28D25263907E3a39E572121949,8.649966774553885203
0x754aD1368D3c95a7f0ce832B96B9F228b354f552,6.87953496167976304
0x755Ae14122DFBf10cE65333819e8250Bc7953D61,0.000038606639147209
0x756097354FF07524986bde03a5866d57bb8b8B80,4998.968930306773501073
0x757bD569B3dCc2DAD027E0fdDa77A85aF2ee8484,74.719150850566185939
0x7596913135D91226C73b96c1a02cf8f4c01a0cBA,0.181611576630908913
0x759C3539979F0a7511d09A5732c41daaCf0c43FB,117.050387034026770149
0x75B416f956D6a884e2475D4Da49Ede84dC8e5697,5360.872018788856475335
0x75ecF54b38C544E36205DbE21b6335da55bA92Ca,80.413641867706753801
0x7607f720573B5Aa3913cda392AD2E33eBC434217,328.687765028381053714
0x7635CAA06351cD581bB0BE283856B04F6Df1b846,6.33
0x7665e1c8bC46e9f51170d5581b1885057615e241,40.320005905198026718
0x768f55f8011720AdA2225B80D33e2D134D8Ef1b3,16.187644402950737866
0x76cADFD538a4caa549B14eac9a11E385C44f08Ba,4.827952369116380817
0x76DFA66eCd54bA14D0955BD37186944eD2570CAe,4.001508337838498457
0x770a537bF43d15AfbE22c0E61d4353A40a93fDe7,4.0
0x770a7E76F34f73adeeFdBBF902AB989EbF0557D9,0.067718108635271013
0x779aF806262D14f69bcDE9b3a4d78721d5e03D84,0.609569451247618318
0x77aA065A2595087DFdC284BF079610Dc67cf57fe,4.872620648355947898
0x77AB5f8476ef5c79A855470c4AF66A13B20E5678,4.655990201212844761
0x77e24390c75c789CD23A15FF1560D528A09a337c,369.382600785153445095
0x789Ebe13EE4710D4ED31D447012cAa86d56a70D0,0.375987439
0x78aE13d42C2A86faA8d824BF2337c22dc2f6C3B8,1244.624254771620416385
0x78dF7b5D4d4c3236803fD31CBB5376d7C30a4494,52.14279951036577948
0x790A58F7bF9e4d0576618d6002139079FE142346,0.00070321524558184
0x792C6B1fbBd64e7DB3e68ed445a0FF13aC0F054A,1035.8638687
0x7946ED0e305C635a26e770Bf5254E755FeAA31F5,2.91725531313600323
0x7973d44A691B9c37cE4aA8C33Ef4cF69205DD51e,1.391834343963378754
0x79De57Bd7B6940B7FC204E76394d3f93F12f8ebA,26.101432051656517033
0x7A0f1bA097EBB7f9FCf25D8353c00f0eac9186c6,2.841501176478796609
0x7A5b366b029198EaaF8D75aAEB987E6b1D4c24e6,0.897243398147354934
0x7A6625cf1cc332232FeE495DCD31392bA7cDb9dC,2349.382758619712053641
0x7aAC5838d0F4464b556040d63Aa041C91F11dE83,707.188502185764996083
0x7B1BDF2794Feb6fc8e8a11243844aEd0F227CD8d,0.460335368823560706
0x7B8bE6a9B882E440261de94Eb3BB37EaF5fDA36a,0.037784910694866148
0x7BC2b71f1673e805f98E07d580958b43C339bf67,0.486800130511781223
0x7Bc9A10e4Fc41A280Fa6B392c2f4EEc2E3587658,13.942110461835727949
0x7Bcc928EFE0bfa1C4643D2Bf079B53cfA71a40EB,92.829980749432331198
0x7C24E1d2Cf9092A6c8765Ad9255379fce882A4db,9.865550048034863889
0x7c806E8B713581927e9c34A952E85A9803BaD17c,4.906256843641142991
0x7C85ef63c7E330f6ff9Ad2ca28Af45730e077748,0.059858237690404831
0x7c9FC3Dc04AdeA4B0362BDa27a14be563B4DD9a9,6.469692313676057599
0x7cd3d7E400D3E98344a4FE46714DC72bb2414C8c,4.327732792109256691
0x7D82da8a78f3EE3655aC6Cb604eb4f3F32598808,2.71191650270871799
0x7De3054BFC18B928b41997bd11C280D1cA2760d3,59.955690472492299524
0x7E0BE3594952bf937be2B943e20676bD49cC98b0,269.3609473
0x7e5DCA4e6861653825Dd4Bf0095b9a40bec9e811,396.514339661724535348
0x7E989d38c2CaA9CC6176A133a8b795D9c1483Bce,97.844692761926279916
0x7EB2aBF6A4aA632D9C3603ad3DAd6856a5bf6888,648.775545385047798777
0x7Ed4EF119A67D7ac346dCC637c32911D0BcD69eC,172.142467429789678928
0x7F217CEb7F9D80227dAda1600cF027D0fA9fA274,1.04233667119960506
0x7f30B9f4ac2b35c9584D17aeF516f2c6803DAF7b,154.207729827093902504
0x7f3eD0A494eac307a671d02f807Fcbcda381860f,13.36748022507841485
0x7FbEc8B2FaC9B0e9AF4aCd353566Dd443Fe50ad0,68.625157397876663838
0x8007Ee78174d20570F24358f828848f640d37373,30.0
0x807582a986F0D37664b7411Be37c250dE1A65c5a,4.201864509436613128
0x80A6C1e44d519fa7C8e254a0EeA7F9b418815719,0.046391481350825767
0x811DC3d6C78D0e4Ce26e3D2Dbc9745c7d054e927,170.793638757707206253
0x81506d70349BF9B57f789fF131e1DD67c597D249,300.16955600560935193
0x81d3C372dF7DF5B9c69b8C49de3CbF18D0A75925,2.021132536016135954
0x81FDB4E8415469Ac1c5ecaE30a735cBB1cfB9838,15.852947139868480499
0x824c97B6185aaA27a24D4be086CaF3A135498DbF,1.0
0x8267cdEb1d2Ae695fd1C416F9ac10e117774f439,37.006335824440275542
0x829EcbAC5D2112d47D3a50471BFb0f4785295029,0.216047390100821281
0x83032C668715393ec401d32b28e57f7911e53D4b,19.242025420802445598
0x833D4A49eA9F624E946C0A1D17C979216F0A1FdA,97.17963617
0x83EF7ca4642665859609101c096587a8065aD095,14.934492652182052363
0x848970C0A1C31861154d8Ea7A7e5c395Db64B313,176.6721616
0x84D37133948904878a4F2e149c7bc35eEa6283C3,0.66571984947491673
0x84eD040ef8248e2cF5D69c3F31104862704379C6,45.514436103653389074
0x85370b5A184b9469317aCdfAa34800637e707089,9.940725897759411896
0x8563a8e8cAC5d659EDF41DF44Bb750CAc82C6Db4,3.484501496752662474
0x856cAFf6e85924e33094bFB89b90513E50062461,235.620571908624500464
0x85709E09E5c3e1DD270F7FEe5cB0C05460D052D0,69.074281824499284683
0x85A79b0bcF693103DF66180868AC0FDd78f959F0,1.50919651131701057
0x85B54E5844b762752DC9d2c4C45bde5e8008CB28,1937.637848913857230112
0x85CFb64F526f6e1418FD47A91071a2efa686627E,878.896534321753728413
0x85d49DBe63f0c88CcEbdE3fA7eE8247A601Ef187,14.414315132296607317
0x85D566a230f7A5Abe555500445078f5246E565F3,13.229925473867483571
0x85e1FBdb837Dc044B8A8b2e41ad6DB2693A9B6A6,1922.200751701694194366
0x863D64f072D656Be0E087327C1D0C14533f38aB4,57.173696654902144127
0x867140d06d67f03FC04e26Ab2109bCe0f2871B64,0.161932181630801418
0x867cd53640AdE1B8c3c723311Ce738889747fbB8,34.227686080310466626
0x86baeaa81bd658918364bda23ef5bfCDc73EB60E,2.44039184239825671
0x872f6da318DfE8eb9dfD7299CcfadfdCCB0257D8,5.723580172925734669
0x876ba53c675b99978879E025C07f45Ae947D1005,392.384366265481150718
0x8778b8C14522BC04dDAdeC75Bab7c351d1367aFC,0.206021252767115894
0x87c0bcceDd068db5687ec35d4F56D06bAa7b576D,7.700148720663389415
0x88457533F4ede9a6A91cF0D8e31b7961a583442c,14.53164731126351008
0x887db6132Dc6DA0D80799a6674880a661ead5B11,0.360796207532644665
0x88B227A5B0040A431689d04dd4eD8a5dB3b1CAe0,414.392990540698847304
0x88bA8Ce96BA766aBc84E9b518F30c784f054d083,409.946550606222724675
0x8924dBF68f1FfA1401691A504F5F8083fba4ab6D,3.296976533805903392
0x8928EF2Be2b879969469042CdA54ea2cF747aA72,2.165444614
0x8966C72F9c8006a87bBDDAfaB8bbc7054F15A499,41.091586882275376829
0x899B0B5b5493B5a48807Ac29957A34014Ddda318,6.040564569984774164
0x89a27717C00c205785853972FA25dB9850c71228,4850.318018239957177939
0x89e3BF3957972b0b4F497189E71DBbBf31B5184a,12.79644928565113434
0x8a0B076926F7A0A813c7FD9DC260986D59830613,145.407607693751386528
0x8A0B326582b47eB953bd23F80A357F2fD0eBD062,23.632607549905854992
0x8A30853761Ac859aC898988Ff03084FC35B4fe79,2.927862653827206825
0x8a42DE3eA536972992409df24086AD3b93A69a35,39.104190400377038465
0x8a4670550f9F4Bdbf0bC4c5B64545ed1913152dc,34.278863072071949312
0x8a5A69E92C2fc3459FD138961A9245de2BD54a2e,0.000007090322513515
0x8A63621A3527248d9eE78560cEDd68E4fad6d932,228.560639085
0x8ad12aDb82208e31275ce3E82aFB0fa19094a76d,0.281822391243100486
0x8b25Fb42063A361136a3F4796C58aB83f59B7E81,37.001272916747071401
0x8b62640C6297952a1514cCa9fd393cc06Ad8A558,63.270375024417706846
0x8B9c005A2266B02B595E9798F70A5BBe3012475E,13.834827165982579117
0x8bf40CCD4559F54BD3cb22c01BB5E15835A9E0c3,22.9053088420405316
0x8c1E376252C96231a8e43bDa0105E312f61F07d1,303.916406321450196649
0x8c78DA9Fa649669D3D68D83aE90619c6a1BC6525,18.904361231639930938
0x8C9c0Ec8E0bC03Ca94FF19581a7906D4d63B2aE5,10.156321982114460454
0x8CA700731F28b7aAEc43aeaC7C2D0CCe37685572,800.229700211189883167
0x8CE5C0465635DBc37F87E7FE3A7B27D7e742ADC4,0.000000000752990134
0x8Cf1BF5596b1F223dc7F67605880D9632C27d3db,0.00007054631590593
0x8d2AD7f92722A375776e2DC89B515a19eD535ddb,19.601233177272005322
0x8D3AB248B91904018aB51DE4762E097df207D11E,1.156681577745475558
0x8Da3971A108cCD9Bb567ba2a4b2fd9024185Af7B,7.447764555743200424
0x8Db270Cf7Cb5bDa5F4ced2971BeE3586554d6311,7.550738756565328473
0x8DB27Fc3FF243619C85b86A31E899F84c62EEc98,1.419788379484335153
0x8DB3291ff3D2805A946eF063aDed42403C47eA8D,14.724923933754452941
0x8dF56a8225c25f493909AC999bdf16526955c6Db,24.84638664097069736
0x8Df76521dAd733Aac7eB65F334B271346f7B7248,19.229657390726271162
0x8e442777cEA534d1B96eF729F887459e64E27A26,3.409815024388771148
0x8eBcC9C27e5461c2C06661B4beAD6dEb7FD5F763,15.095949907512048532
0x8ED33D99409C0434a068C62753e6641873bf12A4,0.677279077199996618
0x8f0703Df276A11058eB52fd7a8839A1AE115eB5B,5.722120632227253623
0x8f0Aa14D63c7b5914353a14A601530ec3d081b5C,13.360563393068285103
0x8F47dc475710EBD6cfC010f05F47f0601e4F0392,0.920670715619325474
0x8F49F4b49a08979D90f5a1BAE5DB122Bc39E1275,26.961465207675315532
0x8f96e555a6Ac99d877Ce815548dCb7E10D98B5E0,430.263327324309746794
0x8FA29F5e6C197B0C36dFDC6058AD47fC1D60669C,0.04038206976510734
0x8FB94da943F72AA59fA24f11Fd121480212E7257,63.584423869786258097
0x8fcD849Cf1a686E72950a7A4437E969A5Eb761E5,1.314332584586370411
0x900cF15949De3ff85AeAb9B33DC519fe66C1D622,58.37165544
0x901f133Af386703C578A7ae22ADf43410F120017,498.800651850815374475
0x902a40e33BAbfF40E34218D1f093016dd7ec1076,0.536381023697535308
0x9065C7553582acA14cFF1F9c80030fB889954002,23.477798626874532769
0x909a70E5459Dd2188e52aE9A19f51AAAc3a7492b,59.485116660131908527
0x90Aa0eBad784Fe44632B8c76207B7De7b402d080,49.858617229617194063
0x90C5fccEFB918E8934257CE9a9Be3061c6Ec6613,1512.400699967726092181
0x9134A78E2a1D2d417cEc3D66fbd575C2d06Dc7D4,0.000000000000000701
0x91a34391CcEbbb069E8C406623b4D5E2a44f7d52,1.803981037663223325
0x91E74266b2a67d9C94fB942F280Fcd06923618cb,0.838970391694988876
0x9211A42F48AE3644d7d58CF3D4835Db567f261B7,16.006406235099925537
0x922ef38a6feDaD244Fd3AA65E17682f84df2f091,4036.947087865487072396
0x923D1a370Ce1Ff9f173849386743Eb8414c76462,1.630943017393327236
0x9253CdE5Ee253691968A113F9c0B216380bcE0B7,130.0
0x929b9E183A8A897827A211E868c067c216e1bA96,1.350975158806358098
0x92B0cDaa1565A95fF6c328420B4d92d2921F6928,1.904991518902857614
0x92f0768F1b393dc8ca8F7A2c1E862C57C00A381e,28.679913206988638807
0x9307EA698876886ED7A9cE20F25C76A731A80e0E,14.94730943
0x930A26ad593c6646dfad74Dd648541aa90888915,65.997704249473608958
0x931341D2C726e806eCf7aE134DeC36573988aD43,19.313451424358340979
0x946c360bC81186368e8949BF212b135c2a87B06e,0.009232051131694552
0x94A01D92aD5a5eE52d26205Bf00A05b979f99bE1,12.548805303889392267
0x94a8649C47F8cb77f655745e8f8b753fF56dc1f7,9.50326344
0x94aa641A1DD249B3de375BE7Aa3C37c4b2Ce1f12,16.473762194151707435
0x94e9F6078411dBF5c8275e0C39e052eAF197e67C,8.90287632727893713
0x952c952f20C5F6b8ba426D863e319e8f110530fa,0.315868563175409034
0x953535E292f94057a2Deab46a8aF9ef5e8f58C36,1345.290692642739705673
0x95607d369d1EDE3915d7b1656b17299ad3354cdf,2.514531024550562144
0x95614Ac130D05c9ea68a37aA33cF7BeE526945e6,0.474908230326990226
0x956C33278604ba03A3D16329a170f0F1907d4744,4.69996286893633256
0x960CbfC704Ea671DfB596D42a12aaDC85473ada0,7.550700149926181267
0x9616Bbabe5282e91d934f38AFD072b23423CC2A5,151.388821667089287397
0x96697a51466F79b2040DC356778E233946BEB89E,86.513765973558232954
0x966f4cD6C8fEa9a1fF080a471f39A5Ca1bdb4C18,0.014145367482223789
0x96967c7485D4995c03a55609Bd31fe9613159df1,2.142350588064320208
0x96Be4663aeC130ED09eA5632326b75023B1684E2,0.672562770966910855
0x96C0eCf413363D68CE6f721279A1d6d1C92fb5B7,23.833780649538621972
0x96f66280fb101Db703770C36b8703351C807C78c,389.876174422012446261
0x970a9662f02da6B2a0c419d52F923014C667235d,5.181835343781577321
0x978CB2976a20a31522922AD03D9bC464f45E9433,0.485555512330325304
0x97b63d7dE1D161a86716549978ec8b7278f9777b,7.251231930261042139
0x97C5822D3Df115a55E672d5a452DB4C8971414D0,0.06712609397498368
0x97CB941F43D437945889959Cb94871D397f9e3Cc,81.627845665914738442
0x984235303f014Ba13e69bB6D0a0B030dFcfc18c8,0.287113692345045168
0x985E12A89fE10bE9B999EE5fFa2252BAB9956024,0.313090096502341616
0x986D11f9EaeCD8f062Cbd8b00874d98a11C10e9d,8.058366085640599776
0x988b5a6f878228F58866BF2B5794d7E21BE0CD87,1193.340724221803618973
0x98a38C6C8e17daae4C86623b2d202B21Aa0622ab,29.088983275271508046
0x98bb77Eb737a7d8B34E0f7e2cd18c9E7d75400AD,7.550738756565328471
0x98Db4f361EFac11b9ca9246b69C14E300169cfA9,12.432827173892840806
0x990DdcA89f97375b12522F92CECA8cf742093c0A,146.083996399894896235
0x99175ecA83525E28369725e4a313cd246adbdfE0,48.540982403177137731
0x9924Bf9dE916E7B919ec8765847EFda0D047a095,27.232618586305995274
0x993827D591Ebd7C9153703571146ed8FC11a2724,54.559888793337373938
0x993b64EB0A2Ec7E4eAC35E9b61Be88a7Bb7F7e60,0.856940192119398236
0x994493B2D35364318d135C797e9F24b8bbB411cC,184.3267216
0x9972048C66A2e2c32E7F22914a5434981699Aecf,0.000055460826977003
0x99C83d3F2ED960fd5e8523146feDD2fE5470f0DA,0.000000009853289171
0x99e07AC035aD6b6a96674930d6eE2Fa6E14eff1c,135.072554944465825291
0x9A25A570D6cAba0780A29d37A5c2a0870aD0554A,1878.846617036570510332
0x9a68227667CdC7f935369E4C74152bf3C3AB2a39,1.042336629110013242
0x9a9c0E2D0d97A0EB3624dbb6758F99A07De9b4D6,4387.240555738859481019
0x9A9Db82A56d36153c9cf64464Cb0Ae006c51532D,11.757472053370618394
0x9B49dEf1f6D6879C8b30c94606162a0E912e2F10,0.000000000869356183
0x9b85b4f47699f711BD92C372C4cED462Ff6eef7f,50.33326753300709697
0x9B8d498FF797e76cd54Ca87b2B3223fC00b81978,10.541810223698747312
0x9b9cc5cF059F8e6dB29ea044cd09Ff9eAa711457,683.630387442819674741
0x9bd60D0A6e45919c0957aD3f6537cB50100a865f,95.818468760518058729
0x9bFC2B3030EE2dC5A1100EC0b39EE5AF2D716f0E,83.0123337840043917
0x9C4ce313Dd3731625A28ecD1061Def77E6fAA530,73.335486175256651826
0x9C670af346692dA1cd188Ada4b9608F1FD72a16D,37.959810712197552275
0x9C8cC8096E571CB9CacF264FADF0613Da5f598E7,32.612469471559379179
0x9C97f10C216f1038145267bb64b04e0372B79902,17.341664542364903852
0x9Cd025c837DaF2FD215C277c10919FBb35b3d79c,130.8208136
0x9d019970389Ba7c38E07B61A6bc3166c57607498,17.715068930229721941
0x9d283Ab8211684CAf664a240e364E470399E45a9,2.532799415143645799
0x9D3Ade681eF3b831b8b72ad31CC6febfefB3bbDa,138.088781313404894096
0x9Dd772Ddd87f1f642548c942d2239dD1003de9e9,0.046881970192598178
0x9Def1EF2484b805289f3BD33ae44abd03122F518,52.108248054355711708
0x9e5e78600FD13F6cC7AE5ad93a81DF2A5C5FDa19,3.0
0x9e5Eced57189837543331497cAE80f3442e8dA19,80.508044626285389844
0x9E76EbEC352bbBcfd9423670588160a558e3DDF7,1700.832171769537221037
0x9Eb87413b5D995e0faca717cfC04b8E065A7027A,9.019120784005121049
0x9edd2d8D4D95ba80f4094E761b352F4F07Acd4e1,29.0
0x9f064E2481cE56ee4Eb10d053F20c5303a24C211,0.324360420198048532
0x9F88cc1997162af8Ac347d3EAc451C96E8c6D8e9,0.113033076934348297
0x9FA764a99557dF89C3DB48C97E3f58C6e978F3fA,447.427167863732653494
0xa04db7f48a6f7f5f951150a94b255cD41a2f3f6C,69.851675048121999684
0xA08235a2e43b55a5B465bAD578d1905a1975303C,45.599009666744025816
0xa0aB0488AF277D9bF6b14c62F90A2073D830F30e,227.509240948537847615
0xa10A352b245D151121876C59dD4329eC98B05D77,56.262365966600197632
0xa10d4bbc928730D31A6A514e905701C6474FB716,2.469073091418736152
0xA14932CB8cDd0Bd8DDd88324952Fe1C21897337f,747.852445430077962166
0xA1bE825A481c11845Dbd877262f03A4Ba1a1b3DD,738.09982923842032649
0xA1DFD0931fF4EF553C0d3A705A27c01bE603AB6e,31.648241397663253214
0xa2220F2643C95a9fCfF3bCcc793BB9C838BB2B72,0.000068985959597791
0xA25d51066b6E1202888AA22c9f2a511852f4E7DE,14.213023060374777794
0xA2C1710a53EDCFF79B2d4B0E57D746bac2BFA034,4.129147178040664959
0xa2C8FbeD0E8d9Dc0D80694B7f82Bdc288B66b197,49.29502224843729763
0xa333E7A7c4651fc7932F170F780aEDef7d0D1aB7,58.479265092460353384
0xA3447884DD3cBFC82eD2E8fFb3902128E32432E8,14.013429868972704776
0xA356b59c1b9C71D85E9dd3f3607761DB0721f029,0.310472131351731122
0xA36F788bb6a56A0C9f24D14c59f347B010cc9F6b,33.32160492175669569
0xa3996b9977CDbf77c6f7717894D58a66A6789d9c,0.000000013303541354
0xA3aFd62392a86BCd6469692a0281F6A1afe78136,8.813648419811320934
0xa3CdC54DF593467B0D11bC2A623575910D04F7E9,4.201864509436613128
0xa427f43a9a5BA6a3C4774bFdb42754925237Ab8A,7.370271029567427655
0xa4367f6f5926Ef35164388f2E601d1b8dE00b927,143.56040484361721368
0xA4438D695295F7A7c5CD14e41B8BdD5E4Acd46b6,759.506344713629219673
0xA4468dF696C1Eb2B4EE33cc17AA2CbADBceA73d2,1.246049604768222221
0xa47937D1601Edbd923438eb5C36E723cef727314,1.047397385775173663
0xa4a25D51e7D3ED6A355Acf1e5a1A9B3C8f3dBfa8,0.236608766377001731
0xA4c752fAB3a5809dae111D6AEE874979976CCe13,22.577962913033650391
0xa4FfA47ECa6B815185189b2e0a616132576730FA,2.308067874541298477
0xA565eAE3d37306e3580788d4dA1bA52d1773f751,18.401396117135078822
0xA58A7411f4f72631B227d4CC527Fbd8c5f422987,515.12611030932782884
0xA5E32421Ed525A2f959C94E307B497Dc7031E863,47.129980958739959
0xa5F561d6B5c8a23792eBaf7588A9aC87eB254089,107.565788913136475613
0xa611D6957b78410c2E69146baafBc462E3850eee,2.994762339716073821
0xa684D3631870cB4F8a4B7856E63C555E93E12c7F,273.1553597896583754
0xA68A540eA5858e6Bd7688C0Bf77628BE809d8f16,0.001
0xa691cEAFCa82603e122F93D16755288F013151cA,45.876394672853655375
0xa6C708fd10bF04Cb799C1F21B2b4AA1f3aF0D2b8,42.392307537341618003
0xA6D9Fb6Fc4E6447303163a948967BA1f1f9C8D32,102.352040040621608239
0xa70BFf7BDA6848680D4398a0ab701364228d2D36,62.720318154390419145
0xa7ba40DD97EDc71a533A988568855c21E1c55789,18.428757136997155379
0xA7ca86C4d4932e0970BEE6CE32539724fBfb9D04,1183.960776559845266177
0xA7DD71c1b1016c3c1d2266A7C940a910A5b66Ae0,0.000000000632941182
0xa84623E5B0f5f80F7764484Ee3d2Fb57889A74e1,15.712047408738213674
0xA8545072dBF8ccd2a853ECbbB43945447419B0c2,2.591193377210683333
0xA89404aAf803BAD1D35c0fC316efcEEdf1C1744D,72.148791505252145535
0xA8eb68b7FB73b34211b3066cd6414EfbFc81B501,928.956334660067941001
0xA8f8e5aD7Fb92666a08B74f6423017CC4A28F7cB,7.55070014992618127
0xa925BbDFf5E2310f8c19Ef2488a7C9e2B74a555C,164.5555228
0xA92985070aB40713913885846495b5DE64f39096,0.1
0xA929C1cA26e08B2b6f58D6CBf632ea062E6Aa1e4,180.8242469
0xa9339db0Ca9009e2B2Ef18FA4718133610Ee0a59,36.068405860804276617
0xA97a22Fe7082CCA19b268AC02fC813DdA667C6E5,13.336919914758832111
0xA98e9BAfDde480E0D39DcbB8707BBACBC3B8F6c7,472.692671948354923768
0xa99963D81e71bE553b31A9f55e4989993a2B5a70,7.533114183619710702
0xA9C159b3D705B94731f76F5Ff2357A0D437e95B2,0.000000009292993735
0xA9feA905769292aa742d3C2073d052f057a501c3,0.000000000755056774
0xaA6166f569523e3CaC34bAEF5E85b7e6A927C02c,377.144209105773573764
0xAA9BF5fcC7C7A59EA7dCa457E962e8608B56804e,1016.875845031009742974
0xAbCe740d3AB466160ccdD66cc79794df39fF9ddC,0.166102028551171617
0xabDcf1CBD7D7b3A185c7970D68d8FB7E8f525cba,0.837314740211466179
0xaC58F803dBA44BBd3E733B83fD15dBe464eFae46,1.541036808231087981
0xAc5a8182f8a5aBb1896d0BDd2C4AF343E89B3ECE,13.469365453344384751
0xaCb3c6c524df5a035eECa97C3544a64a6aEB83EE,82.492566373125326881
0xaCBAd086024f3545df3bA9Cd9D039bD213722Ff4,153.593853686274119563
0xAd0dD67851cB1C02ace46035924EC73b21B983bC,0.539281420640020928
0xAd1080C67E448f0D04b2F6cb5601687F649152e4,5.349563966665527916
0xAd4070d0D4ED93E389fAB2b7BFd8dab56B44d1C5,1209.735170066
0xAD9E84D5bdA5609DE21e6a531985ac4081161d21,1.881096630520097357
0xADa7f11ad99C1cb3365C77e6f5a9F5eA6471d1BB,1.342330376492836456
0xaDbABCD1f7D6697485bE327AA30374137Bb679d7,74.805177381767920397
0xadc5902b0A2a5f09f5f02E7231f7D8433b24d925,99.040270513635190665
0xaE065f3a2F11c3724b61013665178bE8723bCA34,22.816658315535958091
0xae48ad750BD8c74430e05113b623e1e50990D4D3,2.610739168995997841
0xAE5498a92CF1c75D376e161d26166d96Cdf83917,184.9386898
0xAe68Cd1F290C399Bba3e1F84F8371f48a554d272,1191.053343915733762495
0xAe917ED7d8a16A084E53Aa55d307703634A0b6d1,0.207388667075818225
0xaEb77c42b4b224247437079147307263b8e19Bf5,22.558305174841226763
0xaEbD86DeaA16318270028fa34285b2aacf19A959,17.73401811392254611
0xaeFBEC422848A12eb31e9f6F00059e52871C0f3C,1707.475282632881725521
0xAf0B9b1Ee92B8af67A12402a29ce47803aC9a8Be,47.747457741362569862
0xaF17fBD0D41E27634fC275fD1998171B3F79D962,0.126519618117429198
0xaFDABc287C98A8c2a094c80a9DEDc9829AEC017f,15.380015633927493825
0xb02BB1944DeEA3f91fFBcA73e123696B2654Da52,350.229351985469206517
0xb02e6B91463245b121720593CE3f438C41ec9e0f,13.074985913664001391
0xb057512F42642eE8430ea06A30c8B33d5a181580,54.2
0xB06Df2F1bf0D28e7e4848012f37167C13954D7bA,18.871068950852369907
0xb076BEDD4DD324d4267E6154532Ca65db7D07083,51.361257296036592855
0xB0Bf94dc5d305f46F06913E28b360859a322746c,9501.251653909716395023
0xb0F378a7223769Bd6DE09Ea18Ca530D636a792CE,15.8529471398684805
0xb0FC739261F86C3E2b3957F8fc9c93eb5E0134dc,13.93805642832626366
0xB13D431eD0eCd25D36ec674CD4f5faa46E1E2813,2.968170329229496562
0xb14B20FfF382C400F530E2c17E929888B29b6305,0.10451081839705737
0xB175Bc0C85012de4da39b574a859875Cb638C725,5.977846087312239553
0xB18Be3704AcF6148E1211f21E969340441BE8493,4.511387701469252189
0xB1cd8A94332d953C4d03153109cBc2Da7675F2Be,66.579908468878313282
0xB1DC89e9DEeb5B83537a1f54f261BBF8463ad9D2,0.240504062005449259
0xb1f03f62aa8f95c47061597a7579052C02AC58fB,9.094973646114337144
0xb246B04F5adf76aa16Bb75aD953AbaD3Ec21a5fB,3.138396379338366234
0xb24a91f64Ac8f99191682e64C329ef9b4D381C71,7.374243145902808352
0xb24c2B9E57A357743a4e473d2E2E76Ada81E69Bb,14.010475834331625572
0xb2BF552bdBf2e12EC43AD573106325d68142F703,156.220188486823491353
0xb2F6989ab051c32D53993F5b6eC758B0f733a24f,0.02923207255211594
0xB315c436bB1c8391078534b34f314ea1cc259560,20.649732434624687511
0xb34c272877E9096DC7aAad97BDB27C2513ee45c0,15.8529471398684805
0xb365cc509255C14e6a9c8a098EabCdC5A9d0da92,22.389441885247373084
0xb386dDAAf5e07F2012712cd6b33187988E84A632,4581.234128507858858598
0xb38F716Ec0c7aD1A43CBD4c4343e180858470e21,9.006901991998704637
0xb3A63842eed71Ed57D06386C326B43F06519C193,13.698462493643636008
0xB3C3E7115f15fA8Cd0822c8E432a4bB1F1059650,1.042336661874538056
0xb3d5DBF1e0E469DB81427996f3196Dd8983DD1bc,26.47104512055739336
0xb3Df4417ddd445f29891039d62fB62dcDe185239,588.569925539007994642
0xb3F9c9cd09B13113B8FFBD798565D6e536cb10aF,55.330850701233571784
0xB41A3eef4E039Ff73808cACaCd8Fd253BBd30473,28.174043657364895848
0xB498D00492683A0A219d6B0f357c79F2F9eC5b7A,598.817935022418312409
0xB4A6dBAD978D8Db476606cE92F3b779CFAC61570,0.28738375083453737
0xB4C4A7f35025Ae9E9fB22d6CC615fa3ec8c8DBed,0.0002119
0xb4CB147C4D6CB936Fc95a2e54640ec53AaC169cd,1927.259893964615202922
0xb54D44148387BC27299d21533adD2a788FAb5e1A,29.37241953524171782
0xb55de71c93a4e85040585666cDF338628E0e820A,256.571295711622160111
0xb5FA1469d34625509D870FAfFD0c9B0ad5419f02,13.750637790618579028
0xb62abD1B94A080889e60cA79717C64E6f68C67B2,184.091159798013692234
0xB66Af2C855c599c8e7B6bD1adf1d7e565f301ef3,60.46691339
0xb6898923C14dbd95749534A1Beeca678C8084629,27.274602103928418673
0xb696EdF55468d62Cc8d9C9Ab01e51220b7c839D2,82.465324475381674804
0xb710250eB23b39A98BE2968593F121943c0af52F,34.604289942388431369
0xB7659B9f5c3C601ead103Ac409bf56160C992A8c,42.275141001102998202
0xB782CBf15421aFa52a18B0AF8697Aa1640841259,183.359899341754911302
0xB7A6388c5af1266f1b2F3c00cf3f4cbdAA632c95,0.388240652681433347
0xB7d2F25B54Eb61c415301622bDd579daf95cefcC,55.487021679404841755
0xB7F2DBf3624E4395c2e03DB3298aC943d9267595,18.509976446128388725
0xB8142A640cab62d22B0F416a469428E5dbCF3CdF,15.871184225894348928
0xb909c0ee2cB30ccacD6448ae4c9ECC8DfD65f3C7,0.001356750524223776
0xB933fdFb6ff26FF5678bE6143e40C7222aDd1b12,15.084848900768667624
0xB95Ce1c1753b4a6333D5aB02FD40a4d106C4561d,0.340651061264714293
0xB968D3a875125C14843F0cd6F1B468dCA42AcfB3,13.42731727676668638
0xb9a422Eb13D17B3Ff87d745d6a2f82d7855B8B97,0.579622274516021806
0xB9bdc5F8B6911441d78b76e9BAF4Be6Be755DE03,0.000000000000000001
0xb9cf1e1669d38bcc47d8a2d65305164b04F4C4c4,1.961407302032031273
0xB9Dc34fB604a0d5b9C91Cfa71ebAD8b03C44633e,49.1464450884619631
0xbaac13f0b0B07C7d3c77975917a8CF76499D1a6C,1.04233698927007792
0xbB00D4f8BFb7dED39c096Ae8f2d9A7B32DfbD6a0,3.12369320084106069
0xBB9915d16a24098875f49f7E92d0257126523bA2,0.552210621188192417
0xBbdFFeAA7AF9aeE88993C0a4345E1dfB08a047E5,0.385413063268574758
0xbbf60226Fe33128Fb37D03d7afFa0C39aCED3F15,5.42568151525692259
0xBCc048adBbF9E22b1F136Fe2e0B98bc2A03648BC,30.0
0xBd0737A3AFEf05e4cF764AC3AeECcAAf3B89c101,359.501685705198564047
0xBd157eE038A71258b9Fc57ee10907007C6FbE38a,1425.434968922498915912
0xbD4A211d86d9193d8a89257F6CAFccD82b04336A,427.014663531951292698
0xbD68d6459FF7147d3CB5f353cA7A98ddfDEAa79E,125.564411354577289167
0xBDc34801a0eFe71592B7aAf903f01D62CD74cf2a,0.185024566924218071
0xbdCa46443E356668A7d1737265C272A6d74E44f9,7.295014844460541251
0xBE5738B2027a7e0bE983eb7F6f0A0805C3286396,0.570558403692945449
0xbE6C75B01AE70B2734102BE00b0Dc2a2644EB0fD,0.647728726523205676
0xbE810ABc998A291B3F90052e116E73C9966C12D6,0.1
0xBE8205a84F21ae3c5639a0391bab2560E08c6Be6,653.431301900102255351
0xbEcf6e9E585274576A5F2a2B925E8c5926fb1315,1.831157137365217476
0xBF3E478e3945BCa9805A4Ab0643c53dD0d733751,380.17260227383048092
0xbFB3dB2C01BCbc0D8a3Fa42A578e483Eb9c08c51,1.089807798334136075
0xBFC84833e01BA531dEDCf14797d04a5E3f04E582,16.596084344909992094
0xC060f910DaCe6B09e03508811FdcCf59340a185C,130.293094029143772799
0xc06BF54e33d5830930ddf68C44A1E388674FfCf6,3.219701520764255477
0xC0e17C50A381DCcbB42B051A3f4a4F4021178a81,0.461880230275101068
0xC10072e7b2954f50514648C9279cD086117E459d,2.351691596831826247
0xC110A73D5AE474A53495EDcfE1B0D17C9994E1aF,11.039996868463854548
0xc15131Cfb6325c1Dc7d9367b641a047635D40F74,13.149556917203761836
0xc192c5e5815D22F2899140D424E2659E76c8aed0,0.000000000000000766
0xC1FA2741705d8D20627773dA6aD155AB006D2960,13.591309287425070466
0xC200aFe5F87E0BDe277fC77a6d28d4DB3858dBdC,8.464883724146432054
0xC243f5fDa25Ee324f3f513f71D7261d50E806489,1533.102757119727514242
0xc257C3cDC5Bb6dDdB2B7085908373982Bd5e28bA,31.253729138187023625
0xc262E12C9752D08a8994104AB8a69B9788e481f7,5.528128661627860756
0xc2E383E52AcC84834B1Bb3c04C207482f6c31365,134.632150608394568119
0xc30303B6E0E808c5487788477E911c3474c1586C,12.706202252178575663
0xC32F5C88F99DFfBdBe7ce0dE88b5625509D05e30,8.232735236821944587
0xc35A7Cb7085acccdfb7Ad8D786b9121192AcF638,1.357924910775684183
0xC36371B6ebEb1E2bAaea01654e7FC672E6094Df8,1730.361909730444419681
0xc36Cb4142c99E0d17eD00f12A32dD9cA18e30de9,13.494651788807780319
0xc372Ebf75738b334d4A1f69789cfF9B7c27fF484,0.000000108473607378
0xc3c8a5c630fa5dB27c300e26FE0A49A4F1eBce4B,1.036144165102277343
0xc3cC2E14C0670ACa8b8874FA71d4D8808F2926EC,392.484073766539743972
0xC447D547aDf39Ab03a218C05bD9112Cf2461b4a9,0.045589095885970227
0xC45D8292610Cbd45bAcC73bAFCcc7Ab5d2E67B51,316.1229089
0xc4641f911CC63B7439842a0bCCDE83bFD6D802d6,14.207616635410438779
0xC499F56B1c139859d4f88d45aC267f85147B7029,7.246333247317112624
0xC49C2083D65FfaCFFC59e8338821653Fb005E17f,1.671546409829470431
0xc4cEAe6f91f635fD07Ab3E7cC6BcD987344D739e,0.000972509685084617
0xc4EECd9C4EAfe732758b3ed14e7e55b54B85EE71,1.0
0xC5160C3623cAaF1Cdaf2117b4d1de610d25dFF76,4.228517456450565166
0xc5375bd40Ab03c65F9D4920E9CCc934B79d98aA2,11.769586977659555657
0xc5750b4f26A191C75A2ae39703a4b0F8688D4A56,224.960666077965484309
0xC576F57CF8b489ea35F1502b9e77A14b0777D167,0.000000000000000029
0xc57A6154f07d6b71B4F43fE922F7259e6Bf85298,0.00101354591483425
0xc59D5f8EaAE58BcBde67099F103c8Be06f999999,164.499622262240328828
0xC64Fafce5dC8Bc1D8b371AD0E2c6E5137075057e,40.10352108
0xc65188E252aB7dDd6e9684bb64F63B4119f133Df,23.624338715739663567
0xc6e8429C71a2882EA4BE74Bfb4796e95ab8F6C4A,45.535387516447961806
0xC7239ec770dEB768656BaF66de14aBbb1bFd2C0f,1.215553591977733869
0xC7CCc447bC18f33a5789Dd6078F5fe6CbEB920bc,0.080308582605438269
0xC7D10141353Dc59aef3a8A8b70FA0cfCA1d21d72,0.820731602320283283
0xc7FF44fad0ceB4EF91FA89A5247E45C502c329db,24.907543907045782542
0xc80Be2235721475D0115E93ef309d4354a248994,301.463724451907234184
0xC820cb5d2eBfd6f7f58cE4A93Ed99ea45663cFD7,12.622752646579751136
0xc8C492560974eBDBA57c4cD3B15Edb45a823b10C,299.617212453709589128
0xC8E02D702D053F44dBa199A0c274ba3fC706D253,35.0
0xc98f85686afacD9EEC0cd859Acc5A41e06613FAe,208.674595703037275378
0xC9e5598ddEC8cf4518A370AdCB4Ae60b07c0393d,0.837719447712934231
0xc9F247F44b47090D314975Ab2595B8ea08bA7e12,16.96142618866065174
0xC9Fc4c59A393164924c5F52f00ddc080a7dF01E8,160.012087613101695565
0xcA0C2E53c8c2939f9C4B3937A779CfbCb00802f4,10.106368386626688046
0xCa422B5BbFbaBC411826E158179e4182926B6b2a,2752.302319135738916148
0xca8C737D5B87240598bB5d713D294BB7270Faa29,779.12609709912255202
0xCb2243b28936d7C3f37f738976DEAd6717bf4b74,2.762824000840712605
0xCb62949AC0EF90295a9175dafc571033417a4e8c,69.138115390531748294
0xCb8770B64df56e51eB610963b24d5a5358F927af,125.820096439302692339
0xCC0e7F4a50e9678d81A6FC326C1175aF1f38D3b1,19.732601959508564879
0xCc19de9EF5d5BEB4f96cCf8597C7356204EdB479,1714.590798962006568839
0xCC30884E58ab0E6B308B4aA132EF238c9716b635,0.838970391694988876
0xCCc8Cdc09951D025D9e03Df735F4C1FC9F17Aa8c,182.505748041003329842
0xccd32dbdAea30251feDE7cd071cd064E88fD5167,1653.312819554133567457
0xCce5D50c34c8A75eD8ddf49CEf2BCB6A411bB599,15.585290873715925953
0xCD4884590E32139fdE3db6916D56222cDD733Cac,8.837215269411801635
0xCd6922864c7d6c3f3b89767F0A8a092E5825d53C,14.013460488056318411
0xcD79599131d7F07Ceec12C2aFe1c1cE8593B967d,1.042336773994867174
0xcdD241C386eC2ab4a4E27B17ee784ED274eD5c72,338.905932186810953588
0xcDF19AbfeB032FDD3D37bB609da5aAbF2A7525C3,30.213131844004287446
0xCe2a7fDd98c39f4f7e4837E9226e9e52332B41Bc,0.552564800168142521
0xCe518EBcBfDEfB921B4a2B952eED441a146FD2Ce,57.932
0xce603fF3726d445EC8cC750756da953fB1bef4B8,1.62387594697231342
0xce7a4084673f707f5BC3927B4F3ba565A55F8741,26.664661770679608492
0xCe8A3c184873d894d34EB32273014843EF0294a2,37.13707851815582932
0xcE951664a32f27989399eDb1f64C9112F56Ea558,1.843152184469330934
0xcf4AAFe5BCA3429528e3297f08378cA5F8730de6,546.164848456173086943
0xCf61cAAEb33130175aBEE7c058a3614Bff3C771a,0.406040576814095226
0xCf85bF8856829729A63f37451C68F6BD5ABe756E,26.402836394998143129
0xCff3718085bB10C35AAAb9425b90550Cc820BA42,70.020262172510766608
0xD08F683e9604d120Ca745904B299C4EE8B7AeC7c,9.833623342972697671
0xD0903406B13E7529702cDc917feD7190b35835E8,51.343878618844968072
0xD11BD903593e0212BD571106cd9f5A508161482d,380.896482579864332491
0xD18b7A33bCb6E949F6c72511b4a3066D2859F2FA,5.81843641954701337
0xd1c45CFfe6222eA12A62D2E9240d83Bf1fA018EA,81.52999540497803882
0xd1d69dC5d0a226cBa6d0f11303043484D1035a46,7.674668014757459677
0xd2345a51D6DEBa16F25EcA52BF01AfF33b82FfDa,0.00432065291305667
0xD23e92dd8C6068183f6E25a759f62746146EEe25,6.081404995184765162
0xd25E83191B0e1E8Ba199AD6DD3922F1f0dCD3aD4,1.782995849597242027
0xd27Cd383a3fD4D25243c5FC1E15a3eDAE944dbf3,221.400217461093623883
0xD2bc91E01a6dbee8B8Fc8f5A1FB4C37a85f365CA,211.539779724892472717
0xD2E0B0c070350b00971166edeFBF23d904CACD42,1.312758632660242904
0xd3110B945AdC834D688270d3860B5038BbC069c2,707.223283177825411613
0xd33DBca0dc0771c3cb7fF1AAA50D098b913E360C,22.397055411576963917
0xd3668FA0b14eedb2563d87D08A673f5dBF3fC9C5,219.5370092
0xD3fFB8a8976483f18F3dB4e8dE8Ab78C9b8BDeed,283.821830360714345173
0xd401546CCC100e4546876eb0e01ac2fCf6DcC971,14.479966289977579755
0xD42b4Eede39E057F7F70dEd95C16DC054582B6B3,0.038017377017407008
0xD43aC453444943Ac56d5869584B3791967f85D85,24.287985766191535718
0xD47AB72Afc580BeE7D9f1f7Bd1cBdBf59f01cfd8,4.96910845078481155
0xd49f68F258CcD63aECd8ff3a3027DFA6ade2FCEC,10.905412247631608007
0xd4ac597899E7E17859396DA09FD85379d7399bE5,4.957882108066151919
0xd512Ed7aa7126A3175C86cc13989Bd83b755E32f,481.554588761350999594
0xD541cA3Ba48513c7032D83928e2e32B1bAe8eff6,22.010296211726069722
0xD55298B02cFB74AD44F2070CB8692F37a9772388,0.837719447712934231
0xD58409b70EDD653529A4fd4f11D8edAd37005d48,1.809813801912202217
0xD5DE3f53e6C1A8BF9607E482c0E1305aeB0d1294,2.841501176478796609
0xd668fB3A06878840521305684b3Dff9a52F52B3b,132.421738262541634273
0xD6993E4A3482f822a5FfB4b802caec981268f49E,4.923614828111302386
0xd69956bA4C2a6CCeBe05E072c26DB3b4feb7aE8D,0.368050654346474438
0xd6e1005EeD68b137F1954bc67C1D054Ed804b3E7,2.750252115000110406
0xd70d6A3d05115304fE919b0D2fB0355dEc97c963,52.40250382971324638
0xD71eCb7a81246344230b3d43cF69a3C5275c2550,10.995369604595895027
0xD724048a58A81ffA5e318D050063277bbfaE108e,470.431453970203477956
0xD7728B0E403521c85f4a1A3021f72770855eFa9F,0.000000005313129441
0xD7a32cB79Ae01160E864f6962d434Ae081FCbA38,2.021132455980538184
0xd7A6e7985d00b565B0be8C50E99b682C1d49a6b5,61.55285115633776096
0xD7C45eA504442566734697D8d1f076cfb687E070,388.338752835446330181
0xd80097b23402cF16aA039E4D35F734C202221cc6,153.422472689591992264
0xd80318a13384cb6fA73A3aB66e6659A031a99bA5,19.65908057387006048
0xD829976122e2b8A5D9694B40e74E467e63C82b7b,0.006241161590108927
0xD8A2aec951B959FDE6C2513F8f6F987feB010167,5.442529521816051791
0xd93a6f36Ba165813e4f3eF68AE839fFD44d8e503,0.1
0xD93Ff2e90f18C9CEF1045CFff3663bb280919b76,2.584302488471157571
0xD94f3cC7C54cD1aa4d6E775037e25515F76dAae8,58.375654806606917099
0xD9699706769bcA59Dfaf85800585310D54f3940a,2.853893029206285388
0xD9d8bffCa58A53Ef978F8973a8888eABf0756a26,186.316707398910944713
0xDb3821feCfd818c1BE8be38A7D09210851ED8aa4,418.410360465732057452
0xdbA02c17983a028c7E00559D362208C9a7801CEe,56.192309694326395107
0xDbD0F41C2101f4E102B57EDf71c9efe565Fecc86,265.929131857568376464
0xDC1bF7193664fB5035E9AC8bd6Ad3D2B890923D8,1.214871540770601917
0xdc3a686b749fB3494Bf77425fa7be8826d92b22F,16.445357500241520597
0xDc3c8f704C7F4532AC74b8DBC08ae199DB58Ae78,0.000000000000000001
0xdc3dd446458149fdcf8B6275B2762Dd22f1Cc4c1,0.897243398147354934
0xdC6E44c08DE94c86Bf401261f36Fd6bC484AB290,0.015992855720959233
0xdc755A8623f6b22e6542A45Ff8029aF38d290065,66.556886904076955552
0xDc842beD31a3Bef2D40245cEDA0581fA406aB024,44.207937966775207836
0xdCdaa7Fa8740207113e5C3Dd6A0060647018E7e0,10.009500215560929883
0xdD12cAa2F925b8670A446f2A91Ccb04FaaA26498,0.607177081131589565
0xDd46E1bf05eBee061126a6Aec2ED3C7eDC430fb3,42.338138698608049452
0xdE37f5679dB5a7Bb3541Bb24B3f97A1194b3f6E0,0.607177178430872745
0xDeA14276f117809a6c18f1d7A50DFdBccD8f18d0,8.548759325903592625
0xdeD2778f3FC9977A567CA0bF5d3c53B6e0B6fB8E,166.689388083125006303
0xdf2402a4c43880d4F96EfE1A13B60886395303E7,16.14369537021563982
0xDf4D3f5d9146dC3227270937e5AC04d8e9f80d46,8.767602716893064831
0xe00F789A3564c3aFe8065f8e8ea7d8Bd0F6037f7,387.364056887182912911
0xE01680B7dd1405E9a644479DAe45466A0D3cD580,0.287210116961181391
0xE03E32b16D0265EddBc5744e285d202922d37a8F,86.267692991734384761
0xE07d2Ecd67D55D75Fa8D54A1c6f4184341ca42c9,14.013440447224758914
0xe0C5fCea45D419D652Fb9Ccf1BE6b762732f6Ab2,10.389410571821170569
0xe104605F43FfC2D3D1756eFF5eC2b74ed6BCd98d,74.821034281390346154
0xe13B1eE7553105cfe13Da914611F7048Be57DE6E,0.36694099609171918
0xe150C34fBDAc290a6881bAa6e7B0c14f968846a1,0.948471564607383288
0xe16925F4184eB30637Df09b7f4cE28B3eaB87e82,28.386341259806333656
0xE1827143a8B8112047451378f7E4a9DF10007790,9.376413576480412537
0xE186E3Bd8D1294DBa1001aB8d2d1381b032b6D24,761.237307161777506094
0xE189889474663Ba8C964Ed3e511643E60d05E604,5094.882453556231435369
0xE1A3C3dAb2866b1c243d6f5feC8D6ddeFaB12B59,65.668566305604901239
0xE1e11CA2B2101D487C2CB68E5F3aCA2B143d2dDE,0.111331188824477156
0xe20b73Cd9d3db72E957fF06481750708704626A2,96.04589196
0xE218F01121C9E0FF5B2c5BDC03386A395C96e6aB,27.107893977709442574
0xE257f2e7b7c15993AE11B77ebe3De918E60B64CB,20.067454673404284103
0xE25a323d3eaEc038DE8Cabd009d6c05CDf15491D,0.240348997948675279
0xE2b4a9122f86B9472Bf384aEc89B91514BcAA78d,396.606544877737000435
0xE2ba7b15c414BbAF42C66dD1c80eA782468B289B,332.961215698334136074
0xe2C1304BB5d1A7C01670173371266bC6225f1272,74.976019060499064001
0xE2c4245730AACcF8140CCF34604a3141bd66cd31,0.624440297327217175
0xe2e787757A357a54350dd63012bad8c8443DE678,12.138426711332450422
0xE34B555575fc0089212218b044d6C4D8329e1991,72.572437852556265732
0xE3B8D9190d7C23b214e283af21db6d9b030e5073,1248.554018710299561723
0xe3bCfD08a3c838C1cA43B3014Fa01be747e61273,0.553732498332054541
0xE47d87537c3Bc474436cAe5D009EE8c2dd6795A3,21.805989671379684338
0xe486CFb694f351c26e876C20085580807D03079f,20.855011952557360744
0xE4b1ac2792dAB48312317fD1DE9D6d9Bc9AB99D3,11.009687938980675793
0xe572F35a5bF5E09B20f85A54a0dBbfd54561Fd52,0.060056335619677574
0xe5A7181d2C66719b5B2f9fC218380Ff3DCe089da,30.610707756277493851
0xe62906a93e2C703a987a48FE31331bc91e9cb2B2,0.174053061
0xe66845144EB6A7AB10E4BD8Cc5D4d0C564bc0b13,90.547057582311196249
0xe6d0C4F68A55CD5a650bbcF66006F8e79789BDe1,75.145012776717602305
0xe734E2ce67c38f927d6B7e595ABe4c42B9E4F1fd,829.159248937709042495
0xe75ECb6c7b933948ff05168A5B10FD9Cd5c3f200,13.375687130819185942
0xe7c4bD832fB13b9d3A5e0Faf0b7148bFa898A285,461.386626857883282649
0xE7d21013EE715d311C1EAFb704A3eBB09a825102,23.538963687897248463
0xE8435C7Ff03F288f0909b2928DEf4eb99D88349f,0.009030741923404184
0xE878b0F5D58E12b3DBfB4307621101C8BF4789EB,1465.236632866671304769
0xE8Bc5cEe779290514EA1Be982650141DE958581C,0.042983404253250933
0xE8d5d718aaAdFCAdBAB8A024e253bEE8BDA0FDdE,0.000016919207628052
0xe8DF1Ab160209b43DCE24D5C96E6dc0f42037c61,0.01327435362262151
0xe9169CacA2C13BD46828725Da2209494AF9ab2f1,0.00831154543970819
0xe9281101B90eF824A54F98eA4B07253e96d86924,36.730052762993154107
0xE94f7F82dA56Cc4FF3DA1eb77380aaA9e2ff004B,95.777323937792706072
0xe99E01B3b77b163659d7cb08A43ccB7C7A8990E8,0.230177007759876555
0xe9a8272e1bd69f4201F4804f13C0527CA0B99C50,0.159859119147936534
0xE9F98070F5CEd04BB1155F28AD282972C50e669B,8.69944604453449484
0xea0D941688377837D26e5041D3C571c60A178a67,1555.453108386074115972
0xeA48Cb03f0bc676124D9A70074Ff237cB387173A,0.022300050235138342
0xEa9D62055142D78820E4Fc55A12a88660FF786e7,0.477865898722631994
0xEAA630d6dD0835DE3F1e9e85bC336779B4A49FeC,0.555692466786720326
0xEadfF1f88E3c1A3618e6D86CA1954117129B5c1e,0.095862878665728761
0xEaf1be8bD71a5c434b2811221b90E924EDc1709e,833.759568989630367549
0xeb0661A4324288965D0a560782d85B4BB868b15f,55.304596880437979854
0xeB2A9D52b1df2e442573ffd93F0C47B9d674b34E,32.370942143307060241
0xEbB0D0D8AB04224C35CEdFd27d0196Df6671E7cC,90.615901036123400428
0xeBCba600b825BD80F952a04364E6dCe8922ce6AC,54.425891119881472179
0xEc3714e4b6f7B62fb3E138e64bd4156EA8729abb,535.948184871611964705
0xEc3B135d5c6fb4c830D93C284DcF0176A0bDfe1D,2.722438231497390883
0xEc445AD8F2BC2F1ac29D7085F96CB4D11D849da1,1.472202617385897753
0xec4eb79DCe89cD054303c4E28130b0dBDb470BC5,2.514531024550562144
0xeC9116664Dda0f7DA02A56558599eC98ddC7B61a,0.000070587691409516
0xed38AD5A115c025b644Ee75454578CAbd8F2ddCe,48.062839629872034316
0xed6F44DCFbE7952Af88e2DcEcEDCCDD2484bb3B3,749.782930766999356226
0xedd99C23123690640864a09DEDDEa004Bf54BD30,24.41821799
0xEe01923005e25072F3356a384538A25017DdE8C1,186.5936113
0xEE27610892A7397ff027cd8956fd5195cAa37F35,551.503921867537881535
0xEe3D985D255f874Ceec1F0993369Eb5529D1b460,10.67536683331892502
0xee40410113dCf4616ae93752A3564bd867bd1824,14314.099438756565328474
0xEE78B24239F4bC042B8fa205b716689663C1783d,26.934217850580905121
0xeEEd6fB52A877bB0f395311DADa84df253C7806D,21.733032344487084686
0xef0a4aaFCF21e3a7C487d96fB327CB6f7e836CB4,12.448190860425857418
0xeF38F9228A874Bd5377a200e3381E3e0C617D47C,0.099924022
0xeF92Eb870D5c147218C17b372Fc09dBE99e3EEe7,1.10786813763602762
0xeF92F38b70c3Fae2385096793d8ab680C17BA773,657.9819428
0xefBaf377dAD32B70654794833C63839F862eD2D3,1.501654374035230581
0xEFbdfeCd95b3b01DAcb2f44e9F4F4dB1389874dC,17.787092025847405218
0xeFE0F9FCE51F382DcfB3da693A10D8Ec32f2a4CC,1984.287639350938864282
0xF00cC4C9E804926BaFC28Ad8AdE46101d6a7549d,332.091314569930469003
0xf0141d1A4e91235c9a3B2FD87f52b141ce1d7291,2.469073053352689375
0xF07af947Bc480Eb0490e636f3472B60781C69827,15.306600119472080088
0xf0b6247F66B5967e09900442BD723ae9040aC928,27.749574627909563299
0xF100e5FdfEBfF9184725e40d99DcaDda1Ddd2eB7,0.007148374950456336
0xf1045214E496691bF8c59b0AC3977797883ab3c3,307.62631055205190178
0xF1349a24858F730296997813a032C9CA402B73Fc,0.449855987838809923
0xF16b7c201a4b26dD1d5BB73cD986f9fb097f43b1,1.028154641
0xF1896aD0A9f6DF3aB0Aa7BF4eb1ceb815a3f5814,116.38773991642751331
0xf1b1b7B3a67BE1742551F897B4C85649C3663a07,3.116145741211677036
0xf1c6272495f02AFEa741cC8CF834a525CB33f8C1,41.666788690122012725
0xF20b4df7E21F5B1E8400555b19a8B485f9230422,1.815076865669173298
0xF26410C3580A6BA5E8FEe374dD99e3d6652aba5e,0.000068452789482759
0xf27f412e8272DEDe53766346e814eC2C1157b7eA,6.704882330005109355
0xF31C22338B5Eee4fBc32D1499477bd20a58a5EdB,53.810920483461612925
0xF335B2221a097D57c8fa3c61947dFD175E829ac0,55.330846409489378909
0xf37Ba575F4a6AB22178dAF35fF77c20BCB63e106,74.766986571482419014
0xf3816f9934D27d623c155D6D94F4004F046122D2,27.076590693276188841
0xF38AB1bAa49cB77249F0d79852f6278DF11529D2,182.407437346448559643
0xf3c1C73ba890ba0873Dc0c8F03C24252b9804e08,66.636503724679665904
0xF3F322B151DD54EC9a898C0E4E0c69014dff65FA,373.238995057364987641
0xf460350e47246d97A956dd19879489b225a38a55,21.048048388477798075
0xF476BA158C9cB8Be86EBBDD1298AF84801E106D7,148.721043393819160965
0xf4F367f3E56Ce35e4712510144Cfc9bd1Ba28b19,210.254448205441191599
0xF5271BB72462AcAeb7947B0d21A563BE2d16dde4,0.003717591075700838
0xf53a210C0200E5fB8C8e7D8AAb3aBA7fDEC14327,47.84019643247333835
0xf55392a88d1D8bA37d4336937072E495D91eE0db,18.722761184126381569
0xf5900a8289aA6858352dA232Ed828F94549caea4,289.0
0xF5bF40D927B852bDf7E5bBC0559e4704Bd80BB76,148.523499304413125872
0xf5c4F3Dc02c3FB9279495a8fEF7B0741da956157,0.009046482154026569
0xf5E26fE57C38DEbb929cf838DeBA7AF0cEeF9EE3,31.42467443141161464
0xf5F113c5f4C4f81BA6b2a49A5ceD9a02CFD8BB57,18.504939132315226282
0xF67aF86e77F1DD143839915deB329c5983A6b64d,0.1
0xf6BCf3643D3285F1A279199A36c90cD8209FD72b,0.347242600943106118
0xF6C98AcbeEe2336Dd4eA4DF335AB6e457A244dc2,31.289199962609320268
0xf71e4f295654fbbB108ce38608e0ad70AA021Aa0,28.78694919958277077
0xF72d02eb73156170ab9ECe1B9338E991869bad43,7.301011720673163066
0xF766e76CB61c481570fA99B2d6493C6c642b8B57,120.611202231030520691
0xf771b25f4713a649F3F90951E5575668d2e0b35B,45.25083740663914719
0xF77E2182d3972a8e75b19ADB34bAF6D712e9Dd8D,59.13016284435851922
0xF784dc82f5b493f868d6551D8a61C9F106dc9310,12.088463326814840359
0xF7BB1743fDEEbd6090613c4bc026d1d1806Cd2f3,436.768223231197369193
0xF7bb4c57940DE65557F7306408D97E9Ea3d25bE6,26489.616920843144905256
0xF7bE9f0f2a407dC0C4b9B6DfaD7931d09eAEf118,176.978607498334136062
0xF7fA2abA42a6748B4BBac5F130B1509E296A29d0,0.000628382743933948
0xF81A2C8263E4c0c673f27024Fc74fAc34e82b9D3,0.250837406639147199
0xF856233CE188B18AFc0F8D0daE45fb8006864402,13.681244344636531666
0xF8734dD96eDad9D3dDcC2cf8b1dab3B2D6CbDB09,68.388875565963510903
0xF8B04d06412E3208BAB89F903DE76a00294e0Bd6,24.934543613020937514
0xf8f2560ECEb44F4aD723216F5EAfE5bFd2E9ec7f,2.632756286174911831
0xf920d47DaE1CF6Ebfb0D6F673964AF97a79D9c9D,129.3217359
0xf94DD876EC50D3ce5af5CE00c0994C2d7928F249,3.353957782014100431
0xf9670B5583c3982D54C671909Ec52ba8B494a820,0.039507538107168597
0xf9Ab9B8F18d383Ba8Bf97f17b4FB19216e580AbE,0.981263500406984372
0xf9CC733De193A2944362f62e0e5DB17bec276E3d,1.870193432185204114
0xF9f93c07993ed37B27C5d2DA7865c36DB707C271,0.000000000000000001
0xF9f9d09D39b72371484078b158bad982Cd916872,9.909126700365937614
0xFA601BfDb8eaD5884dbe5259a119Fb615Ed27829,0.00592583556826861
0xfA89a389760cf327200820A459B5e58a682E3776,96.642331246091195166
0xfA8ed5C025B5EDa3abacB27da6E76b679908aA68,7.320702707969328244
0xFAaD9a519584ed7489Bd86fc244CE25A9352F668,37.394124510228954782
0xFAce5b4F4da9C85EDdA627F560f0cA34ada19aA6,141.169832003413190691
0xFb543cAF96d9b51c20a893d6F994eB6D0998873c,20.777739659325946433
0xFB80E4FfbFc279648BBbaa5375b6d6E418e6dDDf,300.858087955433842024
0xFC58629E248B66da0b721243c2dDAF956C254307,3.897947962545912417
0xfC72768a0f97BdED5F497671146f71BC87a8d2Ce,15.927697383176895386
0xfc86a9b00eD03C82B8F3F1E64c95D5918f2BCC34,7.301090854755533415
0xFC89EE796446AC8aa82c3205eAFec61B31D4BC20,16.21924644980286002
0xfCb8CC559E3aA2D12DB375267Ba89a5FDF2AFd0D,2.741080107
0xFcc46Bb8AeB91a4bbf16d8674bb9E3Ac6B409Fed,2301.50237006203216632
0xFCEC7e750dc685a880F6F97b2dF3C67c4C88A665,1863.425648905406107323
0xFD2066f9f0eA741ef981965Da74b38bCf66e6bDa,0.1
0xfD44B08c0FB4f557094f59e78ba5D98e0Ca0674c,99.551672743361025865
0xfD6029Be4D0C728fBF79d47a299b10f8148346d8,2.712399305563562445
0xfd60F1b2DeA38064259b46F7175EF08f06710fb4,3.20855774652662228
0xFDb86FA3eE72F9d751BB3e370A20c95139eE912E,578.026800647362063857
0xfDf83099D82f6FBB1b7E42646b3a7396644858eC,0.490011893524328577
0xfE0157583fDF2FA494C4647e253e98dCcddE049e,12.528642852557063425
0xfE4EfcbCdca4A546B16Df2f36fB813a455037e2d,1.519587984816115676
0xFE508714Ae1E8538a7d6a53300668CaFA2d09713,0.000000033787900039
0xFe6465E690Bd5D5b1B464BB3E6AAD37206f2968B,6.255334369304072982
0xfe6c7D063425BcC9290f78c860d4E033b38fAc4c,1.813638589117919253
0xfeb5B6929B4DA8d9E85c90FF48a9B7070C00091B,0.237297959
0xFf937f4D50256BeB4ed1413d657902C6dDe805c0,10.995393730711897787
0xfFC56D454247d4cf890fc18E810a34FE30fB2E9D,26.16710952084714563